rowid,Name,IsFirst,PostSide,Pool,Result,Enemy
1,0,True,False,0,0,Player
2,1,True,False,1,0,0
3,0,False,False,0,1,1
4,1,True,False,1,0,0
5,0,False,False,0,1,1
6,0,True,False,0,1,1
7,1,False,False,1,0,0
8,0,True,False,0,1,1
9,1,False,False,1,0,0
10,0,False,False,0,1,1
11,1,True,False,1,0,0
12,0,False,False,0,0,1
13,1,True,False,1,1,0
14,1,True,False,1,1,0
15,0,False,False,0,0,1
16,1,True,False,1,0,0
17,0,False,False,0,1,1
18,0,True,False,0,1,1
19,1,False,False,1,0,0
20,0,True,False,0,0,1
21,1,False,False,1,1,0
22,0,False,False,0,1,1
23,1,True,False,1,0,0
24,0,False,False,0,1,1
25,1,True,False,1,0,0
26,0,True,False,0,0,1
27,1,False,False,1,1,0
28,1,True,False,1,1,0
29,0,False,False,0,0,1
30,0,False,False,0,1,1
31,1,True,False,1,0,0
32,1,False,False,1,0,0
33,0,True,False,0,1,1
34,1,False,False,1,1,0
35,0,True,False,0,0,1
36,0,False,False,0,0,1
37,1,True,False,1,1,0
38,0,False,False,0,0,1
39,1,True,False,1,1,0
40,0,False,False,0,1,1
41,1,True,False,1,0,0
42,0,True,False,0,0,1
43,1,False,False,1,1,0
44,1,True,False,1,0,0
45,0,False,False,0,1,1
46,0,True,False,0,0,1
47,1,False,False,1,1,0
48,0,False,False,0,1,1
49,1,True,False,1,0,0
50,0,True,False,0,0,1
51,1,False,False,1,1,0
52,0,False,False,0,0,1
53,1,True,False,1,1,0
54,1,True,False,1,1,0
55,0,False,False,0,0,1
56,1,True,False,1,0,0
57,0,False,False,0,1,1
58,0,True,False,0,1,1
59,1,False,False,1,0,0
60,1,False,False,1,0,0
61,0,True,False,0,1,1
62,1,False,False,1,1,0
63,0,True,False,0,0,1
64,0,False,False,0,0,1
65,1,True,False,1,1,0
66,1,True,False,1,0,0
67,0,False,False,0,1,1
68,1,False,False,1,0,0
69,0,True,False,0,1,1
70,0,True,False,0,1,1
71,1,False,False,1,0,0
72,1,False,False,1,0,0
73,0,True,False,0,1,1
74,0,True,False,0,1,1
75,1,False,False,1,0,0
76,1,False,False,1,0,0
77,0,True,False,0,1,1
78,1,False,False,1,0,0
79,0,True,False,0,1,1
80,1,False,False,1,1,0
81,0,True,False,0,0,1
82,0,False,False,0,0,1
83,1,True,False,1,1,0
84,0,False,False,0,1,1
85,1,True,False,1,0,0
86,0,True,False,0,1,1
87,1,False,False,1,0,0
88,0,True,False,0,0,1
89,1,False,False,1,1,0
90,1,True,False,1,0,0
91,0,False,False,0,1,1
92,1,False,False,1,0,0
93,0,True,False,0,1,1
94,1,False,False,1,1,0
95,0,True,False,0,0,1
96,0,False,False,0,0,1
97,1,True,False,1,1,0
98,1,True,False,1,1,0
99,0,False,False,0,0,1
100,0,False,False,0,1,1
101,1,True,False,1,0,0
102,1,False,False,1,0,0
103,0,True,False,0,1,1
104,0,True,False,0,0,1
105,1,False,False,1,1,0
106,0,False,False,0,0,1
107,1,True,False,1,1,0
108,1,True,False,1,0,0
109,0,False,False,0,1,1
110,1,False,False,1,0,0
111,0,True,False,0,1,1
112,0,True,False,0,0,1
113,1,False,False,1,1,0
114,1,True,False,1,0,0
115,0,False,False,0,1,1
116,0,True,False,0,0,1
117,1,False,False,1,1,0
118,1,True,False,1,1,0
119,0,False,False,0,0,1
120,0,False,False,0,1,1
121,1,True,False,1,0,0
122,0,True,False,0,1,1
123,1,False,False,1,0,0
124,0,True,False,0,1,1
125,1,False,False,1,0,0
126,1,False,False,1,0,0
127,0,True,False,0,1,1
128,1,False,False,1,0,0
129,0,True,False,0,1,1
130,1,False,False,1,1,0
131,0,True,False,0,0,1
132,1,True,False,1,1,0
133,0,False,False,0,0,1
134,0,False,False,0,1,1
135,1,True,False,1,0,0
136,0,True,False,0,0,1
137,1,False,False,1,1,0
138,0,False,False,0,0,1
139,1,True,False,1,1,0
140,0,False,False,0,0,1
141,1,True,False,1,1,0
142,1,True,False,1,0,0
143,0,False,False,0,1,1
144,0,True,False,0,0,1
145,1,False,False,1,1,0
146,1,True,False,1,0,0
147,0,False,False,0,1,1
148,0,True,False,0,0,1
149,1,False,False,1,1,0
150,1,True,False,1,1,0
151,0,False,False,0,0,1
152,1,True,False,1,1,0
153,0,False,False,0,0,1
154,0,False,False,0,0,1
155,1,True,False,1,1,0
156,0,False,False,0,1,1
157,1,True,False,1,0,0
158,0,True,False,0,0,1
159,1,False,False,1,1,0
160,1,True,False,1,1,0
161,0,False,False,0,0,1
162,0,False,False,0,0,1
163,1,True,False,1,1,0
164,1,True,False,1,0,0
165,0,False,False,0,1,1
166,0,True,False,0,1,1
167,1,False,False,1,0,0
168,1,False,False,1,0,0
169,0,True,False,0,1,1
170,0,True,False,0,1,1
171,1,False,False,1,0,0
172,1,False,False,1,0,0
173,0,True,False,0,1,1
174,0,True,False,0,1,1
175,1,False,False,1,0,0
176,0,True,False,0,1,1
177,1,False,False,1,0,0
178,0,True,False,0,1,1
179,1,False,False,1,0,0
180,1,False,False,1,0,0
181,0,True,False,0,1,1
182,1,False,False,1,1,0
183,0,True,False,0,0,1
184,1,True,False,1,1,0
185,0,False,False,0,0,1
186,0,False,False,0,1,1
187,1,True,False,1,0,0
188,1,False,False,1,0,0
189,0,True,False,0,1,1
190,0,True,False,0,1,1
191,1,False,False,1,0,0
192,1,False,False,1,1,0
193,0,True,False,0,0,1
194,1,True,False,1,0,0
195,0,False,False,0,1,1
196,1,False,False,1,0,0
197,0,True,False,0,1,1
198,1,False,False,1,0,0
199,0,True,False,0,1,1
200,0,True,False,0,0,1
201,1,False,False,1,1,0
202,0,False,False,0,1,1
203,1,True,False,1,0,0
204,1,False,False,1,1,0
205,0,True,False,0,0,1
206,0,False,False,0,0,1
207,1,True,False,1,1,0
208,1,True,False,1,0,0
209,0,False,False,0,1,1
210,0,True,False,0,1,1
211,1,False,False,1,0,0
212,0,True,False,0,1,1
213,1,False,False,1,0,0
214,1,False,False,1,0,0
215,0,True,False,0,1,1
216,0,True,False,0,1,1
217,1,False,False,1,0,0
218,1,False,False,1,1,0
219,0,True,False,0,0,1
220,0,False,False,0,0,1
221,1,True,False,1,1,0
222,0,False,False,0,1,1
223,1,True,False,1,0,0
224,0,True,False,0,0,Player
225,1,True,False,1,1,0
226,0,False,False,0,0,1
227,1,True,False,1,1,0
228,0,False,False,0,0,1
229,1,True,False,1,1,0
230,0,False,False,0,0,1
231,1,True,False,1,1,0
232,0,False,False,0,0,1
233,0,False,False,0,0,1
234,1,True,False,1,1,0
235,0,False,False,0,0,1
236,1,True,False,1,1,0
237,0,False,False,0,0,1
238,1,True,False,1,1,0
239,1,True,False,1,1,0
240,0,False,False,0,0,1
241,0,False,False,0,0,1
242,1,True,False,1,1,0
243,1,True,False,1,1,0
244,0,False,False,0,0,1
245,1,True,False,1,1,0
246,0,False,False,0,0,1
247,1,True,False,1,1,0
248,0,False,False,0,0,1
249,0,False,False,0,0,1
250,1,True,False,1,1,0
251,1,True,False,1,1,0
252,0,False,False,0,0,1
253,1,True,False,1,1,0
254,0,False,False,0,0,1
255,1,True,False,1,1,0
256,0,False,False,0,0,1
257,1,True,False,1,1,0
258,0,False,False,0,0,1
259,1,True,False,1,1,0
260,0,False,False,0,0,1
261,1,True,False,1,1,0
262,0,False,False,0,0,1
263,1,True,False,1,1,0
264,0,False,False,0,0,1
265,1,True,False,1,1,0
266,0,False,False,0,0,1
267,1,True,False,1,1,0
268,0,False,False,0,0,1
269,0,False,False,0,0,1
270,1,True,False,1,1,0
271,1,True,False,1,1,0
272,0,False,False,0,0,1
273,1,True,False,1,1,0
274,0,False,False,0,0,1
275,0,False,False,0,0,1
276,1,True,False,1,1,0
277,0,False,False,0,0,1
278,1,True,False,1,1,0
279,1,True,False,1,1,0
280,0,False,False,0,0,1
281,0,False,False,0,0,1
282,1,True,False,1,1,0
283,1,True,False,1,1,0
284,0,False,False,0,0,1
285,0,False,False,0,0,1
286,1,True,False,1,1,0
287,1,True,False,1,1,0
288,0,False,False,0,0,1
289,0,False,False,0,0,1
290,1,True,False,1,1,0
291,1,True,False,1,1,0
292,0,False,False,0,0,1
293,0,False,False,0,0,1
294,1,True,False,1,1,0
295,0,False,False,0,0,1
296,1,True,False,1,1,0
297,1,True,False,1,1,0
298,0,False,False,0,0,1
299,0,False,False,0,0,1
300,1,True,False,1,1,0
301,1,True,False,1,1,0
302,0,False,False,0,0,1
303,0,False,False,0,0,1
304,1,True,False,1,1,0
305,1,True,False,1,1,0
306,0,False,False,0,0,1
307,1,True,False,1,1,0
308,0,False,False,0,0,1
309,1,True,False,1,1,0
310,0,False,False,0,0,1
311,1,True,False,1,1,0
312,0,False,False,0,0,1
313,1,True,False,1,1,0
314,0,False,False,0,0,1
315,1,True,False,1,1,0
316,0,False,False,0,0,1
317,1,True,False,1,1,0
318,0,False,False,0,0,1
319,0,False,False,0,0,1
320,1,True,False,1,1,0
321,1,True,False,1,1,0
322,0,False,False,0,0,1
323,1,True,False,1,1,0
324,0,False,False,0,0,1
325,1,True,False,1,1,0
326,0,False,False,0,0,1
327,0,False,False,0,0,1
328,1,True,False,1,1,0
329,0,False,False,0,0,1
330,1,True,False,1,1,0
331,0,False,False,0,0,1
332,1,True,False,1,1,0
333,0,False,False,0,0,1
334,1,True,False,1,1,0
335,1,True,False,1,1,0
336,0,False,False,0,0,1
337,1,True,False,1,1,0
338,0,False,False,0,0,1
339,0,False,False,0,0,1
340,1,True,False,1,1,0
341,0,False,False,0,0,1
342,1,True,False,1,1,0
343,0,False,False,0,0,1
344,1,True,False,1,1,0
345,1,True,False,1,1,0
346,0,False,False,0,0,1
347,1,True,False,1,1,0
348,0,False,False,0,0,1
349,0,False,False,0,0,1
350,1,True,False,1,1,0
351,0,False,False,0,0,1
352,1,True,False,1,1,0
353,0,False,False,0,0,1
354,1,True,False,1,1,0
355,1,True,False,1,1,0
356,0,False,False,0,0,1
357,1,True,False,1,1,0
358,0,False,False,0,0,1
359,1,True,False,1,1,0
360,0,False,False,0,0,1
361,0,False,False,0,0,1
362,1,True,False,1,1,0
363,0,False,False,0,0,1
364,1,True,False,1,1,0
365,1,True,False,1,1,0
366,0,False,False,0,0,1
367,0,False,False,0,0,1
368,1,True,False,1,1,0
369,1,True,False,1,1,0
370,0,False,False,0,0,1
371,1,True,False,1,1,0
372,0,False,False,0,0,1
373,0,False,False,0,0,1
374,1,True,False,1,1,0
375,1,True,False,1,1,0
376,0,False,False,0,0,1
377,0,False,False,0,0,1
378,1,True,False,1,1,0
379,1,True,False,1,1,0
380,0,False,False,0,0,1
381,0,False,False,0,0,1
382,1,True,False,1,1,0
383,1,True,False,1,1,0
384,0,False,False,0,0,1
385,1,True,False,1,1,0
386,0,False,False,0,0,1
387,0,False,False,0,0,1
388,1,True,False,1,1,0
389,1,True,False,1,1,0
390,0,False,False,0,0,1
391,1,True,False,1,1,0
392,0,False,False,0,0,1
393,1,True,False,1,1,0
394,0,False,False,0,0,1
395,1,True,False,1,1,0
396,0,False,False,0,0,1
397,0,False,False,0,0,1
398,1,True,False,1,1,0
399,0,False,False,0,0,1
400,1,True,False,1,1,0
401,0,False,False,0,0,1
402,1,True,False,1,1,0
403,1,True,False,1,1,0
404,0,False,False,0,0,1
405,1,True,False,1,1,0
406,0,False,False,0,0,1
407,0,False,False,0,0,1
408,1,True,False,1,1,0
409,1,True,False,1,1,0
410,0,False,False,0,0,1
411,1,True,False,1,1,0
412,0,False,False,0,0,1
413,0,False,False,0,0,1
414,1,True,False,1,1,0
415,0,False,False,0,0,1
416,1,True,False,1,1,0
417,1,True,False,1,1,0
418,0,False,False,0,0,1
419,1,True,False,1,1,0
420,0,False,False,0,0,1
421,0,False,False,0,0,1
422,1,True,False,1,1,0
423,1,True,False,1,1,0
424,0,False,False,0,0,1
425,0,True,False,0,0,Player
426,0,True,False,0,0,Player
427,1,True,False,1,1,0
428,0,False,False,0,0,1
429,1,True,False,1,1,0
430,0,False,False,0,0,1
431,1,True,False,1,1,0
432,0,False,False,0,0,1
433,0,False,False,0,0,1
434,1,True,False,1,1,0
435,1,True,False,1,1,0
436,0,False,False,0,0,1
437,1,True,False,1,0,0
438,0,False,False,0,1,1
439,0,True,False,0,0,1
440,1,False,False,1,1,0
441,0,False,False,0,1,1
442,1,True,False,1,0,0
443,0,True,False,0,1,1
444,1,False,False,1,0,0
445,0,True,False,0,0,1
446,1,False,False,1,1,0
447,0,False,False,0,1,1
448,1,True,False,1,0,0
449,1,False,False,1,1,0
450,0,True,False,0,0,1
451,0,False,False,0,1,1
452,1,True,False,1,0,0
453,0,True,False,0,1,1
454,1,False,False,1,0,0
455,0,True,False,0,0,1
456,1,False,False,1,1,0
457,0,False,False,0,1,1
458,1,True,False,1,0,0
459,1,False,False,1,1,0
460,0,True,False,0,0,1
461,0,False,False,0,0,1
462,1,True,False,1,1,0
463,0,False,False,0,1,1
464,1,True,False,1,0,0
465,1,False,False,1,1,0
466,0,True,False,0,0,1
467,1,True,False,1,0,0
468,0,False,False,0,1,1
469,0,True,False,0,1,1
470,1,False,False,1,0,0
471,0,True,False,0,0,1
472,1,False,False,1,1,0
473,0,False,False,0,1,1
474,1,True,False,1,0,0
475,1,False,False,1,0,0
476,0,True,False,0,1,1
477,0,True,False,0,1,1
478,1,False,False,1,0,0
479,1,False,False,1,0,0
480,0,True,False,0,1,1
481,1,False,False,1,1,0
482,0,True,False,0,0,1
483,1,True,False,1,1,0
484,0,False,False,0,0,1
485,1,True,False,1,0,0
486,0,False,False,0,1,1
487,0,True,False,0,1,1
488,1,False,False,1,0,0
489,1,False,False,1,1,0
490,0,True,False,0,0,1
491,0,False,False,0,1,1
492,1,True,False,1,0,0
493,1,False,False,1,0,0
494,0,True,False,0,1,1
495,1,False,False,1,1,0
496,0,True,False,0,0,1
497,1,True,False,1,0,0
498,0,False,False,0,1,1
499,1,False,False,1,0,0
500,0,True,False,0,1,1
501,0,True,False,0,1,1
502,1,False,False,1,0,0
503,0,True,False,0,1,1
504,1,False,False,1,0,0
505,0,True,False,0,1,1
506,1,False,False,1,0,0
507,1,False,False,1,1,0
508,0,True,False,0,0,1
509,0,False,False,0,1,1
510,1,True,False,1,0,0
511,1,False,False,1,0,0
512,0,True,False,0,1,1
513,1,False,False,1,0,0
514,0,True,False,0,1,1
515,0,True,False,0,1,1
516,1,False,False,1,0,0
517,0,True,False,0,0,1
518,1,False,False,1,1,0
519,1,True,False,1,1,0
520,0,False,False,0,0,1
521,1,True,False,1,0,0
522,0,False,False,0,1,1
523,1,False,False,1,1,0
524,0,True,False,0,0,1
525,1,True,False,1,0,0
526,0,False,False,0,1,1
527,1,False,False,1,0,0
528,0,True,False,0,1,1
529,1,False,False,1,0,0
530,0,True,False,0,1,1
531,1,False,False,1,0,0
532,0,True,False,0,1,1
533,0,True,False,0,0,1
534,1,False,False,1,1,0
535,1,True,False,1,0,0
536,0,False,False,0,1,1
537,1,False,False,1,0,0
538,0,True,False,0,1,1
539,1,False,False,1,1,0
540,0,True,False,0,0,1
541,1,True,False,1,0,0
542,0,False,False,0,1,1
543,1,False,False,1,1,0
544,0,True,False,0,0,1
545,1,True,False,1,1,0
546,0,False,False,0,0,1
547,1,True,False,1,1,0
548,0,False,False,0,0,1
549,1,True,False,1,1,0
550,0,False,False,0,0,1
551,1,True,False,1,0,0
552,0,False,False,0,1,1
553,0,True,False,0,0,1
554,1,False,False,1,1,0
555,0,False,False,0,1,1
556,1,True,False,1,0,0
557,0,True,False,0,1,1
558,1,False,False,1,0,0
559,1,False,False,1,0,0
560,0,True,False,0,1,1
561,0,True,False,0,0,1
562,1,False,False,1,1,0
563,1,True,False,1,1,0
564,0,False,False,0,0,1
565,1,True,False,1,0,0
566,0,False,False,0,1,1
567,1,False,False,1,1,0
568,0,True,False,0,0,1
569,1,True,False,1,0,0
570,0,False,False,0,1,1
571,1,False,False,1,1,0
572,0,True,False,0,0,1
573,0,False,False,0,0,1
574,1,True,False,1,1,0
575,1,True,False,1,0,0
576,0,False,False,0,1,1
577,0,True,False,0,1,1
578,1,False,False,1,0,0
579,0,True,False,0,1,1
580,1,False,False,1,0,0
581,0,True,False,0,1,1
582,1,False,False,1,0,0
583,0,True,False,0,0,1
584,1,False,False,1,1,0
585,0,False,False,0,1,1
586,1,True,False,1,0,0
587,0,True,False,0,1,1
588,1,False,False,1,0,0
589,1,False,False,1,1,0
590,0,True,False,0,0,1
591,0,False,False,0,0,1
592,1,True,False,1,1,0
593,1,True,False,1,1,0
594,0,False,False,0,0,1
595,1,True,False,1,0,0
596,0,False,False,0,1,1
597,1,False,False,1,1,0
598,0,True,False,0,0,1
599,0,False,False,0,0,1
600,1,True,False,1,1,0
601,1,True,False,1,1,0
602,0,False,False,0,0,1
603,1,True,False,1,1,0
604,0,False,False,0,0,1
605,0,False,False,0,0,1
606,1,True,False,1,1,0
607,1,True,False,1,1,0
608,0,False,False,0,0,1
609,1,True,False,1,1,0
610,0,False,False,0,0,1
611,0,False,False,0,1,1
612,1,True,False,1,0,0
613,0,True,False,0,1,1
614,1,False,False,1,0,0
615,0,True,False,0,0,1
616,1,False,False,1,1,0
617,1,True,False,1,1,0
618,0,False,False,0,0,1
619,1,True,False,1,1,0
620,0,False,False,0,0,1
621,1,True,False,1,1,0
622,0,False,False,0,0,1
623,0,False,False,0,1,1
624,1,True,False,1,0,0
625,0,True,False,0,1,1
626,1,False,False,1,0,0
627,1,True,False,1,1,0
628,0,False,False,0,0,1
629,0,False,False,0,1,1
630,1,True,False,1,0,0
631,0,True,False,0,1,1
632,1,False,False,1,0,0
633,1,False,False,1,0,0
634,0,True,False,0,1,1
635,1,False,False,1,0,0
636,0,True,False,0,1,1
637,0,True,False,0,0,1
638,1,False,False,1,1,0
639,1,True,False,1,0,0
640,0,False,False,0,1,1
641,1,False,False,1,1,0
642,0,True,False,0,0,1
643,0,False,False,0,1,1
644,1,True,False,1,0,0
645,1,False,False,1,1,0
646,0,True,False,0,0,1
647,0,False,False,0,0,1
648,1,True,False,1,1,0
649,1,True,False,1,1,0
650,0,False,False,0,0,1
651,0,False,False,0,0,1
652,1,True,False,1,1,0
653,0,False,False,0,0,1
654,1,True,False,1,1,0
655,0,False,False,0,0,1
656,1,True,False,1,1,0
657,1,True,False,1,0,0
658,0,False,False,0,1,1
659,1,False,False,1,0,0
660,0,True,False,0,1,1
661,0,True,False,0,1,1
662,1,False,False,1,0,0
663,1,False,False,1,1,0
664,0,True,False,0,0,1
665,0,False,False,0,0,1
666,1,True,False,1,1,0
667,0,False,False,0,0,1
668,1,True,False,1,1,0
669,1,True,False,1,1,0
670,0,False,False,0,0,1
671,1,True,False,1,1,0
672,0,False,False,0,0,1
673,1,True,False,1,1,0
674,0,False,False,0,0,1
675,0,False,False,0,1,1
676,1,True,False,1,0,0
677,0,True,False,0,1,1
678,1,False,False,1,0,0
679,1,False,False,1,0,0
680,0,True,False,0,1,1
681,0,True,False,0,0,1
682,1,False,False,1,1,0
683,0,False,False,0,1,1
684,1,True,False,1,0,0
685,0,True,False,0,0,1
686,1,False,False,1,1,0
687,0,False,False,0,0,1
688,1,True,False,1,1,0
689,1,True,False,1,0,0
690,0,False,False,0,1,1
691,1,False,False,1,0,0
692,0,True,False,0,1,1
693,0,True,False,0,1,1
694,1,False,False,1,0,0
695,1,False,False,1,0,0
696,0,True,False,0,1,1
697,0,True,False,0,0,1
698,1,False,False,1,1,0
699,0,False,False,0,1,1
700,1,True,False,1,0,0
701,0,True,False,0,1,1
702,1,False,False,1,0,0
703,0,True,False,0,1,1
704,1,False,False,1,0,0
705,1,False,False,1,1,0
706,0,True,False,0,0,1
707,0,False,False,0,1,1
708,1,True,False,1,0,0
709,1,False,False,1,1,0
710,0,True,False,0,0,1
711,1,True,False,1,0,0
712,0,False,False,0,1,1
713,0,True,False,0,1,1
714,1,False,False,1,0,0
715,0,True,False,0,1,1
716,1,False,False,1,0,0
717,1,False,False,1,1,0
718,0,True,False,0,0,1
719,1,True,False,1,0,0
720,0,False,False,0,1,1
721,1,False,False,1,0,0
722,0,True,False,0,1,1
723,1,False,False,1,0,0
724,0,True,False,0,1,1
725,1,False,False,1,0,0
726,0,True,False,0,1,1
727,0,True,False,0,1,1
728,1,False,False,1,0,0
729,0,True,False,0,1,1
730,1,False,False,1,0,0
731,0,True,False,0,0,1
732,1,False,False,1,1,0
733,0,False,False,0,0,1
734,1,True,False,1,1,0
735,1,True,False,1,1,0
736,0,False,False,0,0,1
737,0,False,False,0,1,1
738,1,True,False,1,0,0
739,0,True,False,0,0,1
740,1,False,False,1,1,0
741,1,True,False,1,0,0
742,0,False,False,0,1,1
743,0,True,False,0,1,1
744,1,False,False,1,0,0
745,1,False,False,1,1,0
746,0,True,False,0,0,1
747,0,False,False,0,1,1
748,1,True,False,1,0,0
749,1,False,False,1,0,0
750,0,True,False,0,1,1
751,0,True,False,0,1,1
752,1,False,False,1,0,0
753,0,True,False,0,1,1
754,1,False,False,1,0,0
755,1,False,False,1,0,0
756,0,True,False,0,1,1
757,0,True,False,0,1,1
758,1,False,False,1,0,0
759,1,False,False,1,0,0
760,0,True,False,0,1,1
761,1,False,False,1,0,0
762,0,True,False,0,1,1
763,0,True,False,0,1,1
764,1,False,False,1,0,0
765,0,True,False,0,0,1
766,1,False,False,1,1,0
767,1,True,False,1,1,0
768,0,False,False,0,0,1
769,0,False,False,0,0,1
770,1,True,False,1,1,0
771,0,False,False,0,0,1
772,1,True,False,1,1,0
773,1,True,False,1,1,0
774,0,False,False,0,0,1
775,1,True,False,1,1,0
776,0,False,False,0,0,1
777,0,False,False,0,0,1
778,1,True,False,1,1,0
779,1,True,False,1,0,0
780,0,False,False,0,1,1
781,0,True,False,0,0,1
782,1,False,False,1,1,0
783,1,True,False,1,0,0
784,0,False,False,0,1,1
785,1,False,False,1,1,0
786,0,True,False,0,0,1
787,1,True,False,1,1,0
788,0,False,False,0,0,1
789,0,False,False,0,1,1
790,1,True,False,1,0,0
791,0,True,False,0,1,1
792,1,False,False,1,0,0
793,1,False,False,1,0,0
794,0,True,False,0,1,1
795,0,True,False,0,1,1
796,1,False,False,1,0,0
797,0,True,False,0,0,1
798,1,False,False,1,1,0
799,0,False,False,0,1,1
800,1,True,False,1,0,0
801,1,False,False,1,0,0
802,0,True,False,0,1,1
803,1,False,False,1,1,0
804,0,True,False,0,0,1
805,0,False,False,0,0,1
806,1,True,False,1,1,0
807,1,True,False,1,0,0
808,0,False,False,0,1,1
809,1,False,False,1,1,0
810,0,True,False,0,0,1
811,0,False,False,0,1,1
812,1,True,False,1,0,0
813,0,True,False,0,0,1
814,1,False,False,1,1,0
815,0,False,False,0,1,1
816,1,True,False,1,0,0
817,0,True,False,0,0,1
818,1,False,False,1,1,0
819,0,False,False,0,0,1
820,1,True,False,1,1,0
821,0,False,False,0,0,1
822,1,True,False,1,1,0
823,0,False,False,0,1,1
824,1,True,False,1,0,0
825,1,False,False,1,0,0
826,0,True,False,0,1,1
827,0,False,False,0,0,1
828,1,True,False,1,1,0
829,1,True,False,1,1,0
830,0,False,False,0,0,1
831,0,False,False,0,1,1
832,1,True,False,1,0,0
833,1,False,False,1,0,0
834,0,True,False,0,1,1
835,0,True,False,0,1,1
836,1,False,False,1,0,0
837,1,False,False,1,0,0
838,0,True,False,0,1,1
839,0,True,False,0,0,1
840,1,False,False,1,1,0
841,1,True,False,1,0,0
842,0,False,False,0,1,1
843,0,True,False,0,0,1
844,1,False,False,1,1,0
845,0,False,False,0,0,1
846,1,True,False,1,1,0
847,0,False,False,0,1,1
848,1,True,False,1,0,0
849,1,False,False,1,0,0
850,0,True,False,0,1,1
851,0,True,False,0,1,1
852,1,False,False,1,0,0
853,1,False,False,1,0,0
854,0,True,False,0,1,1
855,0,True,False,0,1,1
856,1,False,False,1,0,0
857,0,True,False,0,0,1
858,1,False,False,1,1,0
859,0,False,False,0,0,1
860,1,True,False,1,1,0
861,1,True,False,1,1,0
862,0,False,False,0,0,1
863,1,True,False,1,0,0
864,0,False,False,0,1,1
865,1,False,False,1,1,0
866,0,True,False,0,0,1
867,1,True,False,1,0,0
868,0,False,False,0,1,1
869,0,True,False,0,1,1
870,1,False,False,1,0,0
871,0,True,False,0,0,1
872,1,False,False,1,1,0
873,0,False,False,0,1,1
874,1,True,False,1,0,0
875,1,False,False,1,1,0
876,0,True,False,0,0,1
877,1,True,False,1,0,0
878,0,False,False,0,1,1
879,1,False,False,1,1,0
880,0,True,False,0,0,1
881,0,False,False,0,1,1
882,1,True,False,1,0,0
883,1,False,False,1,1,0
884,0,True,False,0,0,1
885,1,True,False,1,0,0
886,0,False,False,0,1,1
887,0,True,False,0,1,1
888,1,False,False,1,0,0
889,0,True,False,0,1,1
890,1,False,False,1,0,0
891,1,False,False,1,1,0
892,0,True,False,0,0,1
893,1,True,False,1,0,0
894,0,False,False,0,1,1
895,0,True,False,0,0,1
896,1,False,False,1,1,0
897,0,False,False,0,0,1
898,1,True,False,1,1,0
899,1,True,False,1,0,0
900,0,False,False,0,1,1
901,1,False,False,1,0,0
902,0,True,False,0,1,1
903,0,True,False,0,0,1
904,1,False,False,1,1,0
905,0,False,False,0,1,1
906,1,True,False,1,0,0
907,1,False,False,1,1,0
908,0,True,False,0,0,1
909,0,False,False,0,0,1
910,1,True,False,1,1,0
911,1,True,False,1,1,0
912,0,False,False,0,0,1
913,1,True,False,1,1,0
914,0,False,False,0,0,1
915,0,False,False,0,0,1
916,1,True,False,1,1,0
917,0,False,False,0,1,1
918,1,True,False,1,0,0
919,1,False,False,1,0,0
920,0,True,False,0,1,1
921,0,True,False,0,0,1
922,1,False,False,1,1,0
923,1,True,False,1,0,0
924,0,False,False,0,1,1
925,0,True,False,0,0,1
926,1,False,False,1,1,0
927,0,False,False,0,1,1
928,1,True,False,1,0,0
929,1,False,False,1,1,0
930,0,True,False,0,0,1
931,0,False,False,0,0,1
932,1,True,False,1,1,0
933,0,False,False,0,0,1
934,1,True,False,1,1,0
935,0,False,False,0,0,1
936,1,True,False,1,1,0
937,1,True,False,1,1,0
938,0,False,False,0,0,1
939,1,True,False,1,1,0
940,0,False,False,0,0,1
941,0,False,False,0,1,1
942,1,True,False,1,0,0
943,0,True,False,0,1,1
944,1,False,False,1,0,0
945,0,True,False,0,0,1
946,1,False,False,1,1,0
947,1,True,False,1,0,0
948,0,False,False,0,1,1
949,0,True,False,0,1,1
950,1,False,False,1,0,0
951,1,False,False,1,1,0
952,0,True,False,0,0,1
953,0,False,False,0,1,1
954,1,True,False,1,0,0
955,1,False,False,1,1,0
956,0,True,False,0,0,1
957,0,False,False,0,1,1
958,1,True,False,1,0,0
959,0,True,False,0,0,1
960,1,False,False,1,1,0
961,1,True,False,1,0,0
962,0,False,False,0,1,1
963,0,True,False,0,1,1
964,1,False,False,1,0,0
965,0,True,False,0,1,1
966,1,False,False,1,0,0
967,1,False,False,1,1,0
968,0,True,False,0,0,1
969,0,False,False,0,0,1
970,1,True,False,1,1,0
971,1,True,False,1,0,0
972,0,False,False,0,1,1
973,0,True,False,0,0,1
974,1,False,False,1,1,0
975,0,False,False,0,0,1
976,1,True,False,1,1,0
977,0,False,False,0,1,1
978,1,True,False,1,0,0
979,1,False,False,1,0,0
980,0,True,False,0,1,1
981,1,False,False,1,1,0
982,0,True,False,0,0,1
983,1,True,False,1,0,0
984,0,False,False,0,1,1
985,0,True,False,0,0,1
986,1,False,False,1,1,0
987,1,True,False,1,0,0
988,0,False,False,0,1,1
989,1,False,False,1,0,0
990,0,True,False,0,1,1
991,0,True,False,0,0,1
992,1,False,False,1,1,0
993,0,False,False,0,1,1
994,1,True,False,1,0,0
995,0,True,False,0,1,1
996,1,False,False,1,0,0
997,1,False,False,1,1,0
998,0,True,False,0,0,1
999,0,False,False,0,0,1
1000,1,True,False,1,1,0
1001,1,True,False,1,0,0
1002,0,False,False,0,1,1
1003,0,True,False,0,1,1
1004,1,False,False,1,0,0
1005,1,False,False,1,0,0
1006,0,True,False,0,1,1
1007,1,False,False,1,1,0
1008,0,True,False,0,0,1
1009,0,False,False,0,0,1
1010,1,True,False,1,1,0
1011,0,False,False,0,0,1
1012,1,True,False,1,1,0
1013,1,True,False,1,1,0
1014,0,False,False,0,0,1
1015,0,False,False,0,0,1
1016,1,True,False,1,1,0
1017,1,True,False,1,0,0
1018,0,False,False,0,1,1
1019,0,True,False,0,0,1
1020,1,False,False,1,1,0
1021,0,False,False,0,1,1
1022,1,True,False,1,0,0
1023,0,True,False,0,1,1
1024,1,False,False,1,0,0
1025,0,True,False,0,1,1
1026,1,False,False,1,0,0
1027,0,False,False,0,0,1
1028,1,True,False,1,1,0
1029,1,True,False,1,1,0
1030,0,False,False,0,0,1
1031,0,False,False,0,1,1
1032,1,True,False,1,0,0
1033,0,True,False,0,1,1
1034,1,False,False,1,0,0
1035,0,True,False,0,0,1
1036,1,False,False,1,1,0
1037,1,True,False,1,0,0
1038,0,False,False,0,1,1
1039,0,True,False,0,0,1
1040,1,False,False,1,1,0
1041,0,False,False,0,0,1
1042,1,True,False,1,1,0
1043,0,False,False,0,0,1
1044,1,True,False,1,1,0
1045,0,False,False,0,1,1
1046,1,True,False,1,0,0
1047,1,False,False,1,1,0
1048,0,True,False,0,0,1
1049,0,False,False,0,1,1
1050,1,True,False,1,0,0
1051,1,False,False,1,1,0
1052,0,True,False,0,0,1
1053,0,False,False,0,0,1
1054,1,True,False,1,1,0
1055,1,True,False,1,0,0
1056,0,False,False,0,1,1
1057,1,False,False,1,1,0
1058,0,True,False,0,0,1
1059,0,False,False,0,1,1
1060,1,True,False,1,0,0
1061,0,True,False,0,0,1
1062,1,False,False,1,1,0
1063,0,False,False,0,1,1
1064,1,True,False,1,0,0
1065,1,False,False,1,1,0
1066,0,True,False,0,0,1
1067,0,False,False,0,1,1
1068,1,True,False,1,0,0
1069,0,True,False,0,1,1
1070,1,False,False,1,0,0
1071,0,True,False,0,1,1
1072,1,False,False,1,0,0
1073,1,False,False,1,1,0
1074,0,True,False,0,0,1
1075,1,True,False,1,0,0
1076,0,False,False,0,1,1
1077,0,True,False,0,1,1
1078,1,False,False,1,0,0
1079,1,False,False,1,0,0
1080,0,True,False,0,1,1
1081,0,True,False,0,1,1
1082,1,False,False,1,0,0
1083,0,True,False,0,0,1
1084,1,False,False,1,1,0
1085,0,False,False,0,1,1
1086,1,True,False,1,0,0
1087,0,True,False,0,1,1
1088,1,False,False,1,0,0
1089,1,False,False,1,0,0
1090,0,True,False,0,1,1
1091,1,False,False,1,1,0
1092,0,True,False,0,0,1
1093,1,True,False,1,1,0
1094,0,False,False,0,0,1
1095,1,True,False,1,0,0
1096,0,False,False,0,1,1
1097,0,True,False,0,0,1
1098,1,False,False,1,1,0
1099,0,False,False,0,1,1
1100,1,True,False,1,0,0
1101,1,False,False,1,0,0
1102,0,True,False,0,1,1
1103,1,False,False,1,0,0
1104,0,True,False,0,1,1
1105,1,False,False,1,0,0
1106,0,True,False,0,1,1
1107,1,False,False,1,1,0
1108,0,True,False,0,0,1
1109,1,True,False,1,0,0
1110,0,False,False,0,1,1
1111,1,False,False,1,0,0
1112,0,True,False,0,1,1
1113,0,True,False,0,0,1
1114,1,False,False,1,1,0
1115,1,True,False,1,0,0
1116,0,False,False,0,1,1
1117,1,False,False,1,0,0
1118,0,True,False,0,1,1
1119,0,True,False,0,0,1
1120,1,False,False,1,1,0
1121,0,False,False,0,0,1
1122,1,True,False,1,1,0
1123,0,False,False,0,1,1
1124,1,True,False,1,0,0
1125,1,False,False,1,1,0
1126,0,True,False,0,0,1
1127,0,False,False,0,0,1
1128,1,True,False,1,1,0
1129,0,False,False,0,1,1
1130,1,True,False,1,0,0
1131,1,False,False,1,0,0
1132,0,True,False,0,1,1
1133,1,False,False,1,0,0
1134,0,True,False,0,1,1
1135,1,False,False,1,1,0
1136,0,True,False,0,0,1
1137,0,False,False,0,1,1
1138,1,True,False,1,0,0
1139,0,True,False,0,0,1
1140,1,False,False,1,1,0
1141,1,True,False,1,1,0
1142,0,False,False,0,0,1
1143,0,False,False,0,0,1
1144,1,True,False,1,1,0
1145,0,False,False,0,0,1
1146,1,True,False,1,1,0
1147,1,True,False,1,1,0
1148,0,False,False,0,0,1
1149,0,False,False,0,1,1
1150,1,True,False,1,0,0
1151,0,True,False,0,0,1
1152,1,False,False,1,1,0
1153,1,True,False,1,1,0
1154,0,False,False,0,0,1
1155,1,True,False,1,0,0
1156,0,False,False,0,1,1
1157,0,True,False,0,1,1
1158,1,False,False,1,0,0
1159,1,False,False,1,0,0
1160,0,True,False,0,1,1
1161,0,True,False,0,1,1
1162,1,False,False,1,0,0
1163,0,True,False,0,1,1
1164,1,False,False,1,0,0
1165,1,False,False,1,1,0
1166,0,True,False,0,0,1
1167,1,True,False,1,1,0
1168,0,False,False,0,0,1
1169,0,False,False,0,0,1
1170,1,True,False,1,1,0
1171,0,False,False,0,1,1
1172,1,True,False,1,0,0
1173,1,False,False,1,0,0
1174,0,True,False,0,1,1
1175,1,False,False,1,0,0
1176,0,True,False,0,1,1
1177,0,True,False,0,1,1
1178,1,False,False,1,0,0
1179,0,True,False,0,0,1
1180,1,False,False,1,1,0
1181,0,False,False,0,1,1
1182,1,True,False,1,0,0
1183,0,True,False,0,0,1
1184,1,False,False,1,1,0
1185,1,True,False,1,0,0
1186,0,False,False,0,1,1
1187,1,False,False,1,0,0
1188,0,True,False,0,1,1
1189,1,False,False,1,1,0
1190,0,True,False,0,0,1
1191,0,False,False,0,0,1
1192,1,True,False,1,1,0
1193,0,False,False,0,1,1
1194,1,True,False,1,0,0
1195,1,False,False,1,1,0
1196,0,True,False,0,0,1
1197,1,True,False,1,0,0
1198,0,False,False,0,1,1
1199,0,True,False,0,1,1
1200,1,False,False,1,0,0
1201,0,True,False,0,0,1
1202,1,False,False,1,1,0
1203,0,False,False,0,1,1
1204,1,True,False,1,0,0
1205,1,False,False,1,1,0
1206,0,True,False,0,0,1
1207,1,True,False,1,0,0
1208,0,False,False,0,1,1
1209,1,False,False,1,0,0
1210,0,True,False,0,1,1
1211,0,True,False,0,0,1
1212,1,False,False,1,1,0
1213,1,True,False,1,0,0
1214,0,False,False,0,1,1
1215,1,False,False,1,0,0
1216,0,True,False,0,1,1
1217,1,False,False,1,0,0
1218,0,True,False,0,1,1
1219,0,True,False,0,0,1
1220,1,False,False,1,1,0
1221,0,False,False,0,1,1
1222,1,True,False,1,0,0
1223,1,False,False,1,1,0
1224,0,True,False,0,0,1
1225,0,False,False,0,1,1
1226,1,True,False,1,0,0
1227,0,False,False,0,1,1
1228,1,True,False,1,0,0
1229,0,True,False,0,0,1
1230,1,False,False,1,1,0
1231,1,True,False,1,0,0
1232,0,False,False,0,1,1
1233,0,True,False,0,0,1
1234,1,False,False,1,1,0
1235,0,False,False,0,0,1
1236,1,True,False,1,1,0
1237,1,True,False,1,0,0
1238,0,False,False,0,1,1
1239,1,False,False,1,1,0
1240,0,True,False,0,0,1
1241,0,False,False,0,1,1
1242,1,True,False,1,0,0
1243,1,False,False,1,1,0
1244,0,True,False,0,0,1
1245,1,True,False,1,1,0
1246,0,False,False,0,0,1
1247,0,False,False,0,0,1
1248,1,True,False,1,1,0
1249,1,True,False,1,0,0
1250,0,False,False,0,1,1
1251,1,False,False,1,1,0
1252,0,True,False,0,0,1
1253,1,True,False,1,0,0
1254,0,False,False,0,1,1
1255,0,True,False,0,1,1
1256,1,False,False,1,0,0
1257,1,False,False,1,1,0
1258,0,True,False,0,0,1
1259,1,True,False,1,1,0
1260,0,False,False,0,0,1
1261,1,True,False,1,1,0
1262,0,False,False,0,0,1
1263,0,False,False,0,1,1
1264,1,True,False,1,0,0
1265,1,False,False,1,0,0
1266,0,True,False,0,1,1
1267,0,True,False,0,0,1
1268,1,False,False,1,1,0
1269,1,True,False,1,0,0
1270,0,False,False,0,1,1
1271,0,True,False,0,0,1
1272,1,False,False,1,1,0
1273,1,True,False,1,1,0
1274,0,False,False,0,0,1
1275,0,False,False,0,0,1
1276,1,True,False,1,1,0
1277,0,False,False,0,0,1
1278,1,True,False,1,1,0
1279,1,True,False,1,0,0
1280,0,False,False,0,1,1
1281,1,False,False,1,1,0
1282,0,True,False,0,0,1
1283,1,True,False,1,0,0
1284,0,False,False,0,1,1
1285,0,True,False,0,0,1
1286,1,False,False,1,1,0
1287,0,False,False,0,0,1
1288,1,True,False,1,1,0
1289,0,False,False,0,1,1
1290,1,True,False,1,0,0
1291,1,False,False,1,0,0
1292,0,True,False,0,1,1
1293,1,False,False,1,0,0
1294,0,True,False,0,1,1
1295,1,False,False,1,0,0
1296,0,True,False,0,1,1
1297,0,True,False,0,1,1
1298,1,False,False,1,0,0
1299,0,True,False,0,0,1
1300,1,False,False,1,1,0
1301,0,False,False,0,0,1
1302,1,True,False,1,1,0
1303,0,False,False,0,1,1
1304,1,True,False,1,0,0
1305,1,False,False,1,0,0
1306,0,True,False,0,1,1
1307,0,True,False,0,1,1
1308,1,False,False,1,0,0
1309,0,True,False,0,1,1
1310,1,False,False,1,0,0
1311,1,False,False,1,1,0
1312,0,True,False,0,0,1
1313,0,False,False,0,1,1
1314,1,True,False,1,0,0
1315,0,True,False,0,0,1
1316,1,False,False,1,1,0
1317,0,False,False,0,0,1
1318,1,True,False,1,1,0
1319,1,True,False,1,0,0
1320,0,False,False,0,1,1
1321,1,False,False,1,0,0
1322,0,True,False,0,1,1
1323,1,False,False,1,1,0
1324,0,True,False,0,0,1
1325,0,False,False,0,1,1
1326,1,True,False,1,0,0
1327,0,True,False,0,0,1
1328,1,False,False,1,1,0
1329,0,False,False,0,0,1
1330,1,True,False,1,1,0
1331,0,False,False,0,1,1
1332,1,True,False,1,0,0
1333,0,True,False,0,0,1
1334,1,False,False,1,1,0
1335,1,True,False,1,1,0
1336,0,False,False,0,0,1
1337,0,False,False,0,1,1
1338,1,True,False,1,0,0
1339,0,True,False,0,0,1
1340,1,False,False,1,1,0
1341,0,False,False,0,1,1
1342,1,True,False,1,0,0
1343,0,True,False,0,0,1
1344,1,False,False,1,1,0
1345,1,True,False,1,0,0
1346,0,False,False,0,1,1
1347,0,True,False,0,1,1
1348,1,False,False,1,0,0
1349,0,True,False,0,1,1
1350,1,False,False,1,0,0
1351,0,True,False,0,0,1
1352,1,False,False,1,1,0
1353,1,True,False,1,0,0
1354,0,False,False,0,1,1
1355,0,True,False,0,0,1
1356,1,False,False,1,1,0
1357,0,False,False,0,1,1
1358,1,True,False,1,0,0
1359,1,False,False,1,0,0
1360,0,True,False,0,1,1
1361,0,True,False,0,0,1
1362,1,False,False,1,1,0
1363,0,False,False,0,0,1
1364,1,True,False,1,1,0
1365,1,True,False,1,1,0
1366,0,False,False,0,0,1
1367,1,True,False,1,1,0
1368,0,False,False,0,0,1
1369,1,True,False,1,1,0
1370,0,False,False,0,0,1
1371,1,True,False,1,1,0
1372,0,False,False,0,0,1
1373,1,True,False,1,0,0
1374,0,False,False,0,1,1
1375,1,False,False,1,0,0
1376,0,True,False,0,1,1
1377,1,False,False,1,0,0
1378,0,True,False,0,1,1
1379,0,True,False,0,0,1
1380,1,False,False,1,1,0
1381,1,True,False,1,1,0
1382,0,False,False,0,0,1
1383,0,False,False,0,0,1
1384,1,True,False,1,1,0
1385,1,True,False,1,0,0
1386,0,False,False,0,1,1
1387,1,False,False,1,1,0
1388,0,True,False,0,0,1
1389,1,True,False,1,1,0
1390,0,False,False,0,0,1
1391,0,False,False,0,1,1
1392,1,True,False,1,0,0
1393,0,True,False,0,1,1
1394,1,False,False,1,0,0
1395,0,True,False,0,0,1
1396,1,False,False,1,1,0
1397,0,False,False,0,1,1
1398,1,True,False,1,0,0
1399,1,False,False,1,0,0
1400,0,True,False,0,1,1
1401,1,False,False,1,1,0
1402,0,True,False,0,0,1
1403,0,False,False,0,1,1
1404,1,True,False,1,0,0
1405,0,True,False,0,0,1
1406,1,False,False,1,1,0
1407,1,True,False,1,1,0
1408,0,False,False,0,0,1
1409,1,True,False,1,1,0
1410,0,False,False,0,0,1
1411,1,True,False,1,0,0
1412,0,False,False,0,1,1
1413,0,True,False,0,1,1
1414,1,False,False,1,0,0
1415,0,True,False,0,1,1
1416,1,False,False,1,0,0
1417,0,True,False,0,1,1
1418,1,False,False,1,0,0
1419,1,False,False,1,1,0
1420,0,True,False,0,0,1
1421,0,False,False,0,1,1
1422,1,True,False,1,0,0
1423,0,True,False,0,0,1
1424,1,False,False,1,1,0
1425,0,False,False,0,1,1
1426,1,True,False,1,0,0
1427,1,True,False,1,0,0
1428,0,False,False,0,1,1
1429,0,True,False,0,1,1
1430,1,False,False,1,0,0
1431,0,True,False,0,0,1
1432,1,False,False,1,1,0
1433,1,True,False,1,1,0
1434,0,False,False,0,0,1
1435,0,False,False,0,0,1
1436,1,True,False,1,1,0
1437,0,False,False,0,0,1
1438,1,True,False,1,1,0
1439,1,True,False,1,1,0
1440,0,False,False,0,0,1
1441,1,True,False,1,1,0
1442,0,False,False,0,0,1
1443,0,False,False,0,1,1
1444,1,True,False,1,0,0
1445,0,True,False,0,1,1
1446,1,False,False,1,0,0
1447,1,False,False,1,0,0
1448,0,True,False,0,1,1
1449,0,True,False,0,1,1
1450,1,False,False,1,0,0
1451,0,True,False,0,0,1
1452,1,False,False,1,1,0
1453,1,True,False,1,0,0
1454,0,False,False,0,1,1
1455,0,True,False,0,0,1
1456,1,False,False,1,1,0
1457,0,False,False,0,0,1
1458,1,True,False,1,1,0
1459,1,True,False,1,1,0
1460,0,False,False,0,0,1
1461,1,True,False,1,1,0
1462,0,False,False,0,0,1
1463,1,True,False,1,0,0
1464,0,False,False,0,1,1
1465,0,True,False,0,1,1
1466,1,False,False,1,0,0
1467,0,True,False,0,1,1
1468,1,False,False,1,0,0
1469,0,True,False,0,1,1
1470,1,False,False,1,0,0
1471,0,True,False,0,1,1
1472,1,False,False,1,0,0
1473,1,False,False,1,0,0
1474,0,True,False,0,1,1
1475,1,False,False,1,0,0
1476,0,True,False,0,1,1
1477,1,False,False,1,0,0
1478,0,True,False,0,1,1
1479,0,True,False,0,0,1
1480,1,False,False,1,1,0
1481,1,True,False,1,0,0
1482,0,False,False,0,1,1
1483,0,True,False,0,1,1
1484,1,False,False,1,0,0
1485,0,True,False,0,1,1
1486,1,False,False,1,0,0
1487,1,False,False,1,0,0
1488,0,True,False,0,1,1
1489,1,False,False,1,0,0
1490,0,True,False,0,1,1
1491,0,True,False,0,1,1
1492,1,False,False,1,0,0
1493,1,False,False,1,0,0
1494,0,True,False,0,1,1
1495,1,False,False,1,1,0
1496,0,True,False,0,0,1
1497,1,True,False,1,0,0
1498,0,False,False,0,1,1
1499,1,False,False,1,0,0
1500,0,True,False,0,1,1
1501,0,True,False,0,0,1
1502,1,False,False,1,1,0
1503,0,False,False,0,0,1
1504,1,True,False,1,1,0
1505,0,False,False,0,1,1
1506,1,True,False,1,0,0
1507,0,True,False,0,1,1
1508,1,False,False,1,0,0
1509,1,False,False,1,1,0
1510,0,True,False,0,0,1
1511,0,False,False,0,1,1
1512,1,True,False,1,0,0
1513,0,True,False,0,0,1
1514,1,False,False,1,1,0
1515,0,False,False,0,0,1
1516,1,True,False,1,1,0
1517,1,True,False,1,0,0
1518,0,False,False,0,1,1
1519,0,True,False,0,1,1
1520,1,False,False,1,0,0
1521,0,True,False,0,1,1
1522,1,False,False,1,0,0
1523,1,False,False,1,1,0
1524,0,True,False,0,0,1
1525,0,False,False,0,0,1
1526,1,True,False,1,1,0
1527,0,False,False,0,0,1
1528,1,True,False,1,1,0
1529,1,True,False,1,1,0
1530,0,False,False,0,0,1
1531,1,True,False,1,1,0
1532,0,False,False,0,0,1
1533,0,False,False,0,1,1
1534,1,True,False,1,0,0
1535,0,True,False,0,1,1
1536,1,False,False,1,0,0
1537,1,False,False,1,0,0
1538,0,True,False,0,1,1
1539,1,False,False,1,0,0
1540,0,True,False,0,1,1
1541,1,False,False,1,0,0
1542,0,True,False,0,1,1
1543,0,True,False,0,0,1
1544,1,False,False,1,1,0
1545,1,True,False,1,0,0
1546,0,False,False,0,1,1
1547,0,True,False,0,1,1
1548,1,False,False,1,0,0
1549,0,True,False,0,0,1
1550,1,False,False,1,1,0
1551,1,True,False,1,1,0
1552,0,False,False,0,0,1
1553,0,False,False,0,0,1
1554,1,True,False,1,1,0
1555,1,True,False,1,0,0
1556,0,False,False,0,1,1
1557,0,True,False,0,1,1
1558,1,False,False,1,0,0
1559,0,True,False,0,1,1
1560,1,False,False,1,0,0
1561,0,True,False,0,1,1
1562,1,False,False,1,0,0
1563,0,True,False,0,1,1
1564,1,False,False,1,0,0
1565,1,False,False,1,0,0
1566,0,True,False,0,1,1
1567,0,True,False,0,0,1
1568,1,False,False,1,1,0
1569,1,True,False,1,1,0
1570,0,False,False,0,0,1
1571,0,False,False,0,1,1
1572,1,True,False,1,0,0
1573,0,True,False,0,1,1
1574,1,False,False,1,0,0
1575,0,True,False,0,1,1
1576,1,False,False,1,0,0
1577,0,True,False,0,0,1
1578,1,False,False,1,1,0
1579,0,False,False,0,1,1
1580,1,True,False,1,0,0
1581,0,True,False,0,1,1
1582,1,False,False,1,0,0
1583,1,False,False,1,1,0
1584,0,True,False,0,0,1
1585,1,True,False,1,1,0
1586,0,False,False,0,0,1
1587,1,True,False,1,1,0
1588,0,False,False,0,0,1
1589,1,True,False,1,1,0
1590,0,False,False,0,0,1
1591,1,True,False,1,0,0
1592,0,False,False,0,1,1
1593,0,True,False,0,0,1
1594,1,False,False,1,1,0
1595,1,True,False,1,1,0
1596,0,False,False,0,0,1
1597,1,True,False,1,1,0
1598,0,False,False,0,0,1
1599,1,True,False,1,0,0
1600,0,False,False,0,1,1
1601,0,True,False,0,0,1
1602,1,False,False,1,1,0
1603,0,False,False,0,0,1
1604,1,True,False,1,1,0
1605,0,False,False,0,1,1
1606,1,True,False,1,0,0
1607,1,False,False,1,0,0
1608,0,True,False,0,1,1
1609,0,True,False,0,0,1
1610,1,False,False,1,1,0
1611,1,True,False,1,0,0
1612,0,False,False,0,1,1
1613,1,False,False,1,0,0
1614,0,True,False,0,1,1
1615,0,True,False,0,0,1
1616,1,False,False,1,1,0
1617,1,True,False,1,1,0
1618,0,False,False,0,0,1
1619,1,True,False,1,0,0
1620,0,False,False,0,1,1
1621,0,True,False,0,0,1
1622,1,False,False,1,1,0
1623,1,True,False,1,0,0
1624,0,False,False,0,1,1
1625,0,True,False,0,1,1
1626,1,False,False,1,0,0
1627,1,True,False,1,0,0
1628,0,False,False,0,1,1
1629,1,False,False,1,0,0
1630,0,True,False,0,1,1
1631,1,False,False,1,0,0
1632,0,True,False,0,1,1
1633,1,False,False,1,0,0
1634,0,True,False,0,1,1
1635,1,False,False,1,1,0
1636,0,True,False,0,0,1
1637,0,False,False,0,1,1
1638,1,True,False,1,0,0
1639,1,False,False,1,0,0
1640,0,True,False,0,1,1
1641,1,False,False,1,1,0
1642,0,True,False,0,0,1
1643,0,False,False,0,1,1
1644,1,True,False,1,0,0
1645,1,False,False,1,0,0
1646,0,True,False,0,1,1
1647,1,False,False,1,1,0
1648,0,True,False,0,0,1
1649,1,True,False,1,1,0
1650,0,False,False,0,0,1
1651,0,False,False,0,1,1
1652,1,True,False,1,0,0
1653,0,True,False,0,0,1
1654,1,False,False,1,1,0
1655,1,True,False,1,0,0
1656,0,False,False,0,1,1
1657,0,True,False,0,1,1
1658,1,False,False,1,0,0
1659,0,True,False,0,0,1
1660,1,False,False,1,1,0
1661,0,False,False,0,0,1
1662,1,True,False,1,1,0
1663,0,False,False,0,0,1
1664,1,True,False,1,1,0
1665,0,False,False,0,0,1
1666,1,True,False,1,1,0
1667,0,False,False,0,0,1
1668,1,True,False,1,1,0
1669,0,False,False,0,1,1
1670,1,True,False,1,0,0
1671,1,False,False,1,1,0
1672,0,True,False,0,0,1
1673,0,False,False,0,0,1
1674,1,True,False,1,1,0
1675,0,False,False,0,1,1
1676,1,True,False,1,0,0
1677,0,True,False,0,1,1
1678,1,False,False,1,0,0
1679,1,False,False,1,0,0
1680,0,True,False,0,1,1
1681,0,True,False,0,0,1
1682,1,False,False,1,1,0
1683,1,True,False,1,1,0
1684,0,False,False,0,0,1
1685,0,False,False,0,0,1
1686,1,True,False,1,1,0
1687,0,False,False,0,1,1
1688,1,True,False,1,0,0
1689,1,False,False,1,0,0
1690,0,True,False,0,1,1
1691,1,False,False,1,1,0
1692,0,True,False,0,0,1
1693,0,False,False,0,1,1
1694,1,True,False,1,0,0
1695,1,False,False,1,1,0
1696,0,True,False,0,0,1
1697,1,True,False,1,1,0
1698,0,False,False,0,0,1
1699,0,False,False,0,1,1
1700,1,True,False,1,0,0
1701,0,True,False,0,0,1
1702,1,False,False,1,1,0
1703,0,False,False,0,1,1
1704,1,True,False,1,0,0
1705,1,False,False,1,0,0
1706,0,True,False,0,1,1
1707,1,False,False,1,1,0
1708,0,True,False,0,0,1
1709,1,True,False,1,0,0
1710,0,False,False,0,1,1
1711,0,True,False,0,0,1
1712,1,False,False,1,1,0
1713,0,False,False,0,1,1
1714,1,True,False,1,0,0
1715,1,False,False,1,0,0
1716,0,True,False,0,1,1
1717,0,True,False,0,1,1
1718,1,False,False,1,0,0
1719,1,False,False,1,0,0
1720,0,True,False,0,1,1
1721,0,True,False,0,0,1
1722,1,False,False,1,1,0
1723,0,False,False,0,1,1
1724,1,True,False,1,0,0
1725,0,True,False,0,1,1
1726,1,False,False,1,0,0
1727,1,False,False,1,1,0
1728,0,True,False,0,0,1
1729,1,True,False,1,1,0
1730,0,False,False,0,0,1
1731,0,False,False,0,0,1
1732,1,True,False,1,1,0
1733,1,True,False,1,1,0
1734,0,False,False,0,0,1
1735,0,False,False,0,0,1
1736,1,True,False,1,1,0
1737,0,False,False,0,0,1
1738,1,True,False,1,1,0
1739,1,True,False,1,0,0
1740,0,False,False,0,1,1
1741,0,True,False,0,0,1
1742,1,False,False,1,1,0
1743,1,True,False,1,0,0
1744,0,False,False,0,1,1
1745,0,True,False,0,0,1
1746,1,False,False,1,1,0
1747,1,True,False,1,0,0
1748,0,False,False,0,1,1
1749,1,False,False,1,0,0
1750,0,True,False,0,1,1
1751,0,True,False,0,0,1
1752,1,False,False,1,1,0
1753,0,False,False,0,1,1
1754,1,True,False,1,0,0
1755,0,True,False,0,0,1
1756,1,False,False,1,1,0
1757,1,True,False,1,1,0
1758,0,False,False,0,0,1
1759,0,False,False,0,0,1
1760,1,True,False,1,1,0
1761,1,True,False,1,1,0
1762,0,False,False,0,0,1
1763,0,False,False,0,1,1
1764,1,True,False,1,0,0
1765,0,True,False,0,1,1
1766,1,False,False,1,0,0
1767,1,False,False,1,0,0
1768,0,True,False,0,1,1
1769,0,True,False,0,1,1
1770,1,False,False,1,0,0
1771,0,True,False,0,1,1
1772,1,False,False,1,0,0
1773,1,False,False,1,1,0
1774,0,True,False,0,0,1
1775,0,False,False,0,0,1
1776,1,True,False,1,1,0
1777,0,False,False,0,0,1
1778,1,True,False,1,1,0
1779,0,False,False,0,0,1
1780,1,True,False,1,1,0
1781,0,False,False,0,1,1
1782,1,True,False,1,0,0
1783,0,True,False,0,1,1
1784,1,False,False,1,0,0
1785,1,False,False,1,1,0
1786,0,True,False,0,0,1
1787,0,False,False,0,1,1
1788,1,True,False,1,0,0
1789,1,False,False,1,1,0
1790,0,True,False,0,0,1
1791,0,False,False,0,0,1
1792,1,True,False,1,1,0
1793,0,False,False,0,1,1
1794,1,True,False,1,0,0
1795,1,False,False,1,1,0
1796,0,True,False,0,0,1
1797,0,False,False,0,0,1
1798,1,True,False,1,1,0
1799,1,True,False,1,1,0
1800,0,False,False,0,0,1
1801,0,False,False,0,0,1
1802,1,True,False,1,1,0
1803,1,True,False,1,1,0
1804,0,False,False,0,0,1
1805,1,True,False,1,0,0
1806,0,False,False,0,1,1
1807,1,False,False,1,1,0
1808,0,True,False,0,0,1
1809,0,False,False,0,0,1
1810,1,True,False,1,1,0
1811,1,True,False,1,1,0
1812,0,False,False,0,0,1
1813,0,False,False,0,1,1
1814,1,True,False,1,0,0
1815,0,True,False,0,1,1
1816,1,False,False,1,0,0
1817,0,True,False,0,1,1
1818,1,False,False,1,0,0
1819,1,False,False,1,0,0
1820,0,True,False,0,1,1
1821,0,True,False,0,1,1
1822,1,False,False,1,0,0
1823,0,True,False,0,0,1
1824,1,False,False,1,1,0
1825,1,True,False,1,0,0
1826,0,False,False,0,1,1
1827,0,False,False,0,0,1
1828,1,True,False,1,1,0
1829,0,False,False,0,0,1
1830,1,True,False,1,1,0
1831,0,False,False,0,1,1
1832,1,True,False,1,0,0
1833,1,False,False,1,0,0
1834,0,True,False,0,1,1
1835,1,False,False,1,1,0
1836,0,True,False,0,0,1
1837,0,False,False,0,1,1
1838,1,True,False,1,0,0
1839,0,True,False,0,0,1
1840,1,False,False,1,1,0
1841,1,True,False,1,0,0
1842,0,False,False,0,1,1
1843,0,True,False,0,1,1
1844,1,False,False,1,0,0
1845,0,True,False,0,1,1
1846,1,False,False,1,0,0
1847,1,False,False,1,1,0
1848,0,True,False,0,0,1
1849,0,False,False,0,0,1
1850,1,True,False,1,1,0
1851,0,False,False,0,0,1
1852,1,True,False,1,1,0
1853,0,False,False,0,0,1
1854,1,True,False,1,1,0
1855,1,True,False,1,0,0
1856,0,False,False,0,1,1
1857,0,True,False,0,0,1
1858,1,False,False,1,1,0
1859,1,True,False,1,1,0
1860,0,False,False,0,0,1
1861,0,False,False,0,0,1
1862,1,True,False,1,1,0
1863,0,False,False,0,1,1
1864,1,True,False,1,0,0
1865,1,False,False,1,1,0
1866,0,True,False,0,0,1
1867,0,False,False,0,1,1
1868,1,True,False,1,0,0
1869,0,True,False,0,1,1
1870,1,False,False,1,0,0
1871,1,False,False,1,0,0
1872,0,True,False,0,1,1
1873,0,True,False,0,1,1
1874,1,False,False,1,0,0
1875,0,True,False,0,1,1
1876,1,False,False,1,0,0
1877,1,False,False,1,1,0
1878,0,True,False,0,0,1
1879,0,False,False,0,1,1
1880,1,True,False,1,0,0
1881,1,False,False,1,0,0
1882,0,True,False,0,1,1
1883,0,True,False,0,1,1
1884,1,False,False,1,0,0
1885,0,True,False,0,0,1
1886,1,False,False,1,1,0
1887,0,False,False,0,1,1
1888,1,True,False,1,0,0
1889,1,False,False,1,1,0
1890,0,True,False,0,0,1
1891,0,False,False,0,0,1
1892,1,True,False,1,1,0
1893,1,True,False,1,1,0
1894,0,False,False,0,0,1
1895,0,False,False,0,0,1
1896,1,True,False,1,1,0
1897,0,False,False,0,1,1
1898,1,True,False,1,0,0
1899,0,True,False,0,0,1
1900,1,False,False,1,1,0
1901,1,True,False,1,1,0
1902,0,False,False,0,0,1
1903,0,False,False,0,0,1
1904,1,True,False,1,1,0
1905,0,False,False,0,0,1
1906,1,True,False,1,1,0
1907,0,False,False,0,0,1
1908,1,True,False,1,1,0
1909,1,True,False,1,0,0
1910,0,False,False,0,1,1
1911,0,True,False,0,0,1
1912,1,False,False,1,1,0
1913,0,False,False,0,1,1
1914,1,True,False,1,0,0
1915,0,True,False,0,0,1
1916,1,False,False,1,1,0
1917,1,True,False,1,0,0
1918,0,False,False,0,1,1
1919,0,True,False,0,1,1
1920,1,False,False,1,0,0
1921,0,True,False,0,0,1
1922,1,False,False,1,1,0
1923,0,False,False,0,0,1
1924,1,True,False,1,1,0
1925,0,False,False,0,0,1
1926,1,True,False,1,1,0
1927,0,False,False,0,0,1
1928,1,True,False,1,1,0
1929,1,True,False,1,1,0
1930,0,False,False,0,0,1
1931,1,True,False,1,0,0
1932,0,False,False,0,1,1
1933,0,True,False,0,0,1
1934,1,False,False,1,1,0
1935,1,True,False,1,1,0
1936,0,False,False,0,0,1
1937,0,False,False,0,0,1
1938,1,True,False,1,1,0
1939,0,False,False,0,1,1
1940,1,True,False,1,0,0
1941,0,True,False,0,1,1
1942,1,False,False,1,0,0
1943,0,True,False,0,0,1
1944,1,False,False,1,1,0
1945,0,False,False,0,0,1
1946,1,True,False,1,1,0
1947,0,False,False,0,1,1
1948,1,True,False,1,0,0
1949,0,True,False,0,0,1
1950,1,False,False,1,1,0
1951,0,False,False,0,0,1
1952,1,True,False,1,1,0
1953,1,True,False,1,0,0
1954,0,False,False,0,1,1
1955,1,False,False,1,1,0
1956,0,True,False,0,0,1
1957,0,False,False,0,1,1
1958,1,True,False,1,0,0
1959,0,True,False,0,0,1
1960,1,False,False,1,1,0
1961,1,True,False,1,1,0
1962,0,False,False,0,0,1
1963,1,True,False,1,1,0
1964,0,False,False,0,0,1
1965,1,True,False,1,1,0
1966,0,False,False,0,0,1
1967,1,True,False,1,0,0
1968,0,False,False,0,1,1
1969,1,False,False,1,0,0
1970,0,True,False,0,1,1
1971,1,False,False,1,1,0
1972,0,True,False,0,0,1
1973,1,True,False,1,1,0
1974,0,False,False,0,0,1
1975,0,False,False,0,1,1
1976,1,True,False,1,0,0
1977,1,False,False,1,0,0
1978,0,True,False,0,1,1
1979,0,True,False,0,0,1
1980,1,False,False,1,1,0
1981,0,False,False,0,1,1
1982,1,True,False,1,0,0
1983,0,True,False,0,1,1
1984,1,False,False,1,0,0
1985,0,True,False,0,1,1
1986,1,False,False,1,0,0
1987,0,True,False,0,0,1
1988,1,False,False,1,1,0
1989,1,True,False,1,1,0
1990,0,False,False,0,0,1
1991,0,False,False,0,0,1
1992,1,True,False,1,1,0
1993,0,False,False,0,1,1
1994,1,True,False,1,0,0
1995,1,False,False,1,1,0
1996,0,True,False,0,0,1
1997,0,False,False,0,0,1
1998,1,True,False,1,1,0
1999,1,True,False,1,1,0
2000,0,False,False,0,0,1
2001,1,True,False,1,1,0
2002,0,False,False,0,0,1
2003,0,False,False,0,1,1
2004,1,True,False,1,0,0
2005,0,True,False,0,1,1
2006,1,False,False,1,0,0
2007,1,False,False,1,0,0
2008,0,True,False,0,1,1
2009,0,True,False,0,1,1
2010,1,False,False,1,0,0
2011,1,False,False,1,0,0
2012,0,True,False,0,1,1
2013,0,True,False,0,0,1
2014,1,False,False,1,1,0
2015,0,False,False,0,1,1
2016,1,True,False,1,0,0
2017,0,True,False,0,1,1
2018,1,False,False,1,0,0
2019,0,True,False,0,1,1
2020,1,False,False,1,0,0
2021,1,False,False,1,0,0
2022,0,True,False,0,1,1
2023,0,True,False,0,1,1
2024,1,False,False,1,0,0
2025,1,False,False,1,0,0
2026,0,True,False,0,1,1
2027,0,False,False,0,0,1
2028,1,True,False,1,1,0
2029,1,True,False,1,1,0
2030,0,False,False,0,0,1
2031,0,False,False,0,1,1
2032,1,True,False,1,0,0
2033,0,True,False,0,1,1
2034,1,False,False,1,0,0
2035,0,True,False,0,0,1
2036,1,False,False,1,1,0
2037,1,True,False,1,0,0
2038,0,False,False,0,1,1
2039,1,False,False,1,1,0
2040,0,True,False,0,0,1
2041,0,False,False,0,0,1
2042,1,True,False,1,1,0
2043,1,True,False,1,0,0
2044,0,False,False,0,1,1
2045,0,True,False,0,1,1
2046,1,False,False,1,0,0
2047,0,True,False,0,1,1
2048,1,False,False,1,0,0
2049,1,False,False,1,1,0
2050,0,True,False,0,0,1
2051,1,True,False,1,1,0
2052,0,False,False,0,0,1
2053,0,False,False,0,0,1
2054,1,True,False,1,1,0
2055,1,True,False,1,1,0
2056,0,False,False,0,0,1
2057,0,False,False,0,0,1
2058,1,True,False,1,1,0
2059,0,False,False,0,1,1
2060,1,True,False,1,0,0
2061,1,False,False,1,0,0
2062,0,True,False,0,1,1
2063,1,False,False,1,1,0
2064,0,True,False,0,0,1
2065,0,False,False,0,1,1
2066,1,True,False,1,0,0
2067,0,True,False,0,0,1
2068,1,False,False,1,1,0
2069,1,True,False,1,1,0
2070,0,False,False,0,0,1
2071,1,True,False,1,0,0
2072,0,False,False,0,1,1
2073,1,False,False,1,0,0
2074,0,True,False,0,1,1
2075,1,False,False,1,1,0
2076,0,True,False,0,0,1
2077,0,False,False,0,1,1
2078,1,True,False,1,0,0
2079,0,True,False,0,1,1
2080,1,False,False,1,0,0
2081,0,True,False,0,1,1
2082,1,False,False,1,0,0
2083,0,True,False,0,1,1
2084,1,False,False,1,0,0
2085,0,True,False,0,1,1
2086,1,False,False,1,0,0
2087,0,True,False,0,1,1
2088,1,False,False,1,0,0
2089,1,False,False,1,1,0
2090,0,True,False,0,0,1
2091,1,True,False,1,0,0
2092,0,False,False,0,1,1
2093,0,True,False,0,1,1
2094,1,False,False,1,0,0
2095,1,False,False,1,1,0
2096,0,True,False,0,0,1
2097,0,False,False,0,1,1
2098,1,True,False,1,0,0
2099,1,False,False,1,1,0
2100,0,True,False,0,0,1
2101,1,True,False,1,1,0
2102,0,False,False,0,0,1
2103,0,False,False,0,1,1
2104,1,True,False,1,0,0
2105,0,True,False,0,0,1
2106,1,False,False,1,1,0
2107,0,False,False,0,1,1
2108,1,True,False,1,0,0
2109,1,False,False,1,1,0
2110,0,True,False,0,0,1
2111,0,False,False,0,0,1
2112,1,True,False,1,1,0
2113,0,False,False,0,0,1
2114,1,True,False,1,1,0
2115,1,True,False,1,1,0
2116,0,False,False,0,0,1
2117,0,False,False,0,1,1
2118,1,True,False,1,0,0
2119,1,False,False,1,1,0
2120,0,True,False,0,0,1
2121,0,False,False,0,1,1
2122,1,True,False,1,0,0
2123,1,False,False,1,0,0
2124,0,True,False,0,1,1
2125,0,True,False,0,1,1
2126,1,False,False,1,0,0
2127,0,True,False,0,1,1
2128,1,False,False,1,0,0
2129,1,False,False,1,0,0
2130,0,True,False,0,1,1
2131,1,False,False,1,0,0
2132,0,True,False,0,1,1
2133,1,False,False,1,1,0
2134,0,True,False,0,0,1
2135,0,False,False,0,0,1
2136,1,True,False,1,1,0
2137,0,False,False,0,1,1
2138,1,True,False,1,0,0
2139,1,False,False,1,0,0
2140,0,True,False,0,1,1
2141,0,True,False,0,1,1
2142,1,False,False,1,0,0
2143,1,False,False,1,0,0
2144,0,True,False,0,1,1
2145,0,True,False,0,0,1
2146,1,False,False,1,1,0
2147,1,True,False,1,1,0
2148,0,False,False,0,0,1
2149,1,True,False,1,1,0
2150,0,False,False,0,0,1
2151,1,True,False,1,0,0
2152,0,False,False,0,1,1
2153,1,False,False,1,1,0
2154,0,True,False,0,0,1
2155,1,True,False,1,0,0
2156,0,False,False,0,1,1
2157,1,False,False,1,0,0
2158,0,True,False,0,1,1
2159,1,False,False,1,0,0
2160,0,True,False,0,1,1
2161,0,True,False,0,1,1
2162,1,False,False,1,0,0
2163,0,True,False,0,0,1
2164,1,False,False,1,1,0
2165,1,True,False,1,0,0
2166,0,False,False,0,1,1
2167,1,False,False,1,0,0
2168,0,True,False,0,1,1
2169,1,False,False,1,1,0
2170,0,True,False,0,0,1
2171,0,False,False,0,1,1
2172,1,True,False,1,0,0
2173,0,True,False,0,0,1
2174,1,False,False,1,1,0
2175,0,False,False,0,0,1
2176,1,True,False,1,1,0
2177,0,False,False,0,0,1
2178,1,True,False,1,1,0
2179,1,True,False,1,0,0
2180,0,False,False,0,1,1
2181,1,False,False,1,1,0
2182,0,True,False,0,0,1
2183,0,False,False,0,1,1
2184,1,True,False,1,0,0
2185,0,True,False,0,0,1
2186,1,False,False,1,1,0
2187,0,False,False,0,0,1
2188,1,True,False,1,1,0
2189,0,False,False,0,0,1
2190,1,True,False,1,1,0
2191,1,True,False,1,1,0
2192,0,False,False,0,0,1
2193,0,False,False,0,1,1
2194,1,True,False,1,0,0
2195,0,True,False,0,0,1
2196,1,False,False,1,1,0
2197,0,False,False,0,1,1
2198,1,True,False,1,0,0
2199,0,True,False,0,0,1
2200,1,False,False,1,1,0
2201,0,False,False,0,0,1
2202,1,True,False,1,1,0
2203,0,False,False,0,1,1
2204,1,True,False,1,0,0
2205,1,False,False,1,0,0
2206,0,True,False,0,1,1
2207,0,True,False,0,1,1
2208,1,False,False,1,0,0
2209,1,False,False,1,1,0
2210,0,True,False,0,0,1
2211,1,True,False,1,1,0
2212,0,False,False,0,0,1
2213,0,False,False,0,1,1
2214,1,True,False,1,0,0
2215,1,False,False,1,1,0
2216,0,True,False,0,0,1
2217,0,False,False,0,0,1
2218,1,True,False,1,1,0
2219,0,False,False,0,1,1
2220,1,True,False,1,0,0
2221,1,False,False,1,1,0
2222,0,True,False,0,0,1
2223,1,True,False,1,1,0
2224,0,False,False,0,0,1
2225,0,False,False,0,0,1
2226,1,True,False,1,1,0
2227,1,True,False,1,1,0
2228,0,False,False,0,0,1
2229,0,False,False,0,1,1
2230,1,True,False,1,0,0
2231,1,False,False,1,1,0
2232,0,True,False,0,0,1
2233,1,True,False,1,0,0
2234,0,False,False,0,1,1
2235,0,True,False,0,1,1
2236,1,False,False,1,0,0
2237,1,False,False,1,1,0
2238,0,True,False,0,0,1
2239,1,True,False,1,0,0
2240,0,False,False,0,1,1
2241,1,False,False,1,0,0
2242,0,True,False,0,1,1
2243,0,True,False,0,0,1
2244,1,False,False,1,1,0
2245,1,True,False,1,0,0
2246,0,False,False,0,1,1
2247,1,False,False,1,1,0
2248,0,True,False,0,0,1
2249,0,False,False,0,0,1
2250,1,True,False,1,1,0
2251,1,True,False,1,1,0
2252,0,False,False,0,0,1
2253,1,True,False,1,1,0
2254,0,False,False,0,0,1
2255,0,False,False,0,1,1
2256,1,True,False,1,0,0
2257,0,True,False,0,0,1
2258,1,False,False,1,1,0
2259,1,True,False,1,1,0
2260,0,False,False,0,0,1
2261,0,False,False,0,1,1
2262,1,True,False,1,0,0
2263,1,False,False,1,0,0
2264,0,True,False,0,1,1
2265,1,False,False,1,0,0
2266,0,True,False,0,1,1
2267,1,False,False,1,1,0
2268,0,True,False,0,0,1
2269,1,True,False,1,0,0
2270,0,False,False,0,1,1
2271,1,False,False,1,0,0
2272,0,True,False,0,1,1
2273,0,True,False,0,1,1
2274,1,False,False,1,0,0
2275,0,True,False,0,0,1
2276,1,False,False,1,1,0
2277,0,False,False,0,1,1
2278,1,True,False,1,0,0
2279,0,True,False,0,1,1
2280,1,False,False,1,0,0
2281,1,False,False,1,1,0
2282,0,True,False,0,0,1
2283,1,True,False,1,1,0
2284,0,False,False,0,0,1
2285,1,True,False,1,1,0
2286,0,False,False,0,0,1
2287,1,True,False,1,1,0
2288,0,False,False,0,0,1
2289,0,False,False,0,1,1
2290,1,True,False,1,0,0
2291,1,False,False,1,1,0
2292,0,True,False,0,0,1
2293,0,False,False,0,0,1
2294,1,True,False,1,1,0
2295,0,False,False,0,0,1
2296,1,True,False,1,1,0
2297,1,True,False,1,1,0
2298,0,False,False,0,0,1
2299,1,True,False,1,0,0
2300,0,False,False,0,1,1
2301,1,False,False,1,0,0
2302,0,True,False,0,1,1
2303,0,True,False,0,0,1
2304,1,False,False,1,1,0
2305,1,True,False,1,1,0
2306,0,False,False,0,0,1
2307,1,True,False,1,1,0
2308,0,False,False,0,0,1
2309,0,False,False,0,0,1
2310,1,True,False,1,1,0
2311,0,False,False,0,0,1
2312,1,True,False,1,1,0
2313,0,False,False,0,1,1
2314,1,True,False,1,0,0
2315,1,False,False,1,0,0
2316,0,True,False,0,1,1
2317,1,False,False,1,0,0
2318,0,True,False,0,1,1
2319,1,False,False,1,0,0
2320,0,True,False,0,1,1
2321,0,True,False,0,0,1
2322,1,False,False,1,1,0
2323,1,True,False,1,0,0
2324,0,False,False,0,1,1
2325,1,False,False,1,1,0
2326,0,True,False,0,0,1
2327,0,False,False,0,1,1
2328,1,True,False,1,0,0
2329,0,True,False,0,1,1
2330,1,False,False,1,0,0
2331,0,True,False,0,0,1
2332,1,False,False,1,1,0
2333,0,False,False,0,0,1
2334,1,True,False,1,1,0
2335,0,False,False,0,0,1
2336,1,True,False,1,1,0
2337,0,False,False,0,0,1
2338,1,True,False,1,1,0
2339,1,True,False,1,1,0
2340,0,False,False,0,0,1
2341,0,False,False,0,0,1
2342,1,True,False,1,1,0
2343,1,True,False,1,1,0
2344,0,False,False,0,0,1
2345,0,False,False,0,1,1
2346,1,True,False,1,0,0
2347,0,True,False,0,1,1
2348,1,False,False,1,0,0
2349,0,True,False,0,1,1
2350,1,False,False,1,0,0
2351,1,False,False,1,0,0
2352,0,True,False,0,1,1
2353,0,True,False,0,1,1
2354,1,False,False,1,0,0
2355,1,False,False,1,0,0
2356,0,True,False,0,1,1
2357,0,True,False,0,0,1
2358,1,False,False,1,1,0
2359,1,True,False,1,1,0
2360,0,False,False,0,0,1
2361,1,True,False,1,1,0
2362,0,False,False,0,0,1
2363,1,True,False,1,0,0
2364,0,False,False,0,1,1
2365,0,True,False,0,0,1
2366,1,False,False,1,1,0
2367,0,False,False,0,0,1
2368,1,True,False,1,1,0
2369,0,False,False,0,0,1
2370,1,True,False,1,1,0
2371,0,False,False,0,0,1
2372,1,True,False,1,1,0
2373,1,True,False,1,1,0
2374,0,False,False,0,0,1
2375,1,True,False,1,1,0
2376,0,False,False,0,0,1
2377,0,False,False,0,1,1
2378,1,True,False,1,0,0
2379,1,False,False,1,1,0
2380,0,True,False,0,0,1
2381,0,False,False,0,1,1
2382,1,True,False,1,0,0
2383,1,False,False,1,0,0
2384,0,True,False,0,1,1
2385,0,True,False,0,1,1
2386,1,False,False,1,0,0
2387,0,True,False,0,1,1
2388,1,False,False,1,0,0
2389,0,True,False,0,1,1
2390,1,False,False,1,0,0
2391,0,True,False,0,1,1
2392,1,False,False,1,0,0
2393,0,True,False,0,1,1
2394,1,False,False,1,0,0
2395,1,False,False,1,1,0
2396,0,True,False,0,0,1
2397,0,False,False,0,1,1
2398,1,True,False,1,0,0
2399,0,True,False,0,0,1
2400,1,False,False,1,1,0
2401,1,True,False,1,0,0
2402,0,False,False,0,1,1
2403,0,True,False,0,1,1
2404,1,False,False,1,0,0
2405,1,False,False,1,0,0
2406,0,True,False,0,1,1
2407,1,False,False,1,0,0
2408,0,True,False,0,1,1
2409,1,False,False,1,0,0
2410,0,True,False,0,1,1
2411,0,True,False,0,0,1
2412,1,False,False,1,1,0
2413,1,True,False,1,1,0
2414,0,False,False,0,0,1
2415,0,False,False,0,1,1
2416,1,True,False,1,0,0
2417,0,True,False,0,0,1
2418,1,False,False,1,1,0
2419,0,False,False,0,0,1
2420,1,True,False,1,1,0
2421,0,False,False,0,1,1
2422,1,True,False,1,0,0
2423,1,False,False,1,0,0
2424,0,True,False,0,1,1
2425,1,False,False,1,1,0
2426,0,True,False,0,0,1
2427,1,True,False,1,1,0
2428,0,False,False,0,0,1
2429,0,False,False,0,1,1
2430,1,True,False,1,0,0
2431,1,False,False,1,1,0
2432,0,True,False,0,0,1
2433,1,True,False,1,0,0
2434,0,False,False,0,1,1
2435,0,True,False,0,1,1
2436,1,False,False,1,0,0
2437,1,False,False,1,0,0
2438,0,True,False,0,1,1
2439,0,True,False,0,0,1
2440,1,False,False,1,1,0
2441,0,False,False,0,1,1
2442,1,True,False,1,0,0
2443,0,True,False,0,1,1
2444,1,False,False,1,0,0
2445,0,True,False,0,0,1
2446,1,False,False,1,1,0
2447,0,False,False,0,1,1
2448,1,True,False,1,0,0
2449,0,True,False,0,1,1
2450,1,False,False,1,0,0
2451,0,True,False,0,0,1
2452,1,False,False,1,1,0
2453,0,False,False,0,0,1
2454,1,True,False,1,1,0
2455,1,True,False,1,1,0
2456,0,False,False,0,0,1
2457,1,True,False,1,1,0
2458,0,False,False,0,0,1
2459,1,True,False,1,1,0
2460,0,False,False,0,0,1
2461,1,True,False,1,1,0
2462,0,False,False,0,0,1
2463,1,True,False,1,0,0
2464,0,False,False,0,1,1
2465,0,True,False,0,1,1
2466,1,False,False,1,0,0
2467,1,False,False,1,1,0
2468,0,True,False,0,0,1
2469,0,False,False,0,1,1
2470,1,True,False,1,0,0
2471,0,True,False,0,0,1
2472,1,False,False,1,1,0
2473,0,False,False,0,1,1
2474,1,True,False,1,0,0
2475,0,True,False,0,1,1
2476,1,False,False,1,0,0
2477,1,False,False,1,0,0
2478,0,True,False,0,1,1
2479,1,False,False,1,0,0
2480,0,True,False,0,1,1
2481,1,False,False,1,0,0
2482,0,True,False,0,1,1
2483,1,False,False,1,0,0
2484,0,True,False,0,1,1
2485,1,False,False,1,1,0
2486,0,True,False,0,0,1
2487,1,True,False,1,1,0
2488,0,False,False,0,0,1
2489,0,False,False,0,0,1
2490,1,True,False,1,1,0
2491,1,True,False,1,1,0
2492,0,False,False,0,0,1
2493,1,True,False,1,1,0
2494,0,False,False,0,0,1
2495,1,True,False,1,1,0
2496,0,False,False,0,0,1
2497,1,True,False,1,1,0
2498,0,False,False,0,0,1
2499,0,False,False,0,0,1
2500,1,True,False,1,1,0
2501,0,False,False,0,0,1
2502,1,True,False,1,1,0
2503,0,False,False,0,1,1
2504,1,True,False,1,0,0
2505,1,False,False,1,0,0
2506,0,True,False,0,1,1
2507,0,True,False,0,1,1
2508,1,False,False,1,0,0
2509,1,False,False,1,1,0
2510,0,True,False,0,0,1
2511,1,True,False,1,1,0
2512,0,False,False,0,0,1
2513,1,True,False,1,0,0
2514,0,False,False,0,1,1
2515,1,False,False,1,0,0
2516,0,True,False,0,1,1
2517,0,True,False,0,1,1
2518,1,False,False,1,0,0
2519,1,True,False,1,0,0
2520,0,False,False,0,1,1
2521,1,False,False,1,1,0
2522,0,True,False,0,0,1
2523,0,False,False,0,1,1
2524,1,True,False,1,0,0
2525,1,True,False,1,0,0
2526,0,False,False,0,1,1
2527,1,False,False,1,1,0
2528,0,True,False,0,0,1
2529,1,True,False,1,0,0
2530,0,False,False,0,1,1
2531,1,False,False,1,1,0
2532,0,True,False,0,0,1
2533,1,True,False,1,0,0
2534,0,False,False,0,1,1
2535,0,True,False,0,1,1
2536,1,False,False,1,0,0
2537,1,False,False,1,0,0
2538,0,True,False,0,1,1
2539,1,False,False,1,0,0
2540,0,True,False,0,1,1
2541,1,False,False,1,0,0
2542,0,True,False,0,1,1
2543,1,False,False,1,1,0
2544,0,True,False,0,0,1
2545,1,True,False,1,0,0
2546,0,False,False,0,1,1
2547,1,False,False,1,0,0
2548,0,True,False,0,1,1
2549,1,False,False,1,0,0
2550,0,True,False,0,1,1
2551,1,False,False,1,0,0
2552,0,True,False,0,1,1
2553,1,False,False,1,0,0
2554,0,True,False,0,1,1
2555,1,False,False,1,0,0
2556,0,True,False,0,1,1
2557,1,False,False,1,1,0
2558,0,True,False,0,0,1
2559,1,True,False,1,1,0
2560,0,False,False,0,0,1
2561,1,True,False,1,1,0
2562,0,False,False,0,0,1
2563,1,True,False,1,1,0
2564,0,False,False,0,0,1
2565,0,False,False,0,0,1
2566,1,True,False,1,1,0
2567,0,False,False,0,0,1
2568,1,True,False,1,1,0
2569,0,False,False,0,0,1
2570,1,True,False,1,1,0
2571,0,False,False,0,0,1
2572,1,True,False,1,1,0
2573,0,False,False,0,0,1
2574,1,True,False,1,1,0
2575,1,True,False,1,0,0
2576,0,False,False,0,1,1
2577,1,False,False,1,0,0
2578,0,True,False,0,1,1
2579,1,False,False,1,1,0
2580,0,True,False,0,0,1
2581,1,True,False,1,1,0
2582,0,False,False,0,0,1
2583,0,False,False,0,1,1
2584,1,True,False,1,0,0
2585,0,True,False,0,0,1
2586,1,False,False,1,1,0
2587,0,False,False,0,0,1
2588,1,True,False,1,1,0
2589,0,False,False,0,0,1
2590,1,True,False,1,1,0
2591,0,False,False,0,1,1
2592,1,True,False,1,0,0
2593,1,False,False,1,0,0
2594,0,True,False,0,1,1
2595,1,False,False,1,1,0
2596,0,True,False,0,0,1
2597,0,False,False,0,0,1
2598,1,True,False,1,1,0
2599,0,False,False,0,0,1
2600,1,True,False,1,1,0
2601,0,False,False,0,0,1
2602,1,True,False,1,1,0
2603,1,True,False,1,1,0
2604,0,False,False,0,0,1
2605,0,False,False,0,1,1
2606,1,True,False,1,0,0
2607,0,True,False,0,0,1
2608,1,False,False,1,1,0
2609,1,True,False,1,1,0
2610,0,False,False,0,0,1
2611,1,True,False,1,1,0
2612,0,False,False,0,0,1
2613,0,False,False,0,0,1
2614,1,True,False,1,1,0
2615,1,True,False,1,1,0
2616,0,False,False,0,0,1
2617,0,False,False,0,1,1
2618,1,True,False,1,0,0
2619,1,True,False,1,1,0
2620,0,False,False,0,0,1
2621,1,True,False,1,0,0
2622,0,False,False,0,1,1
2623,1,False,False,1,1,0
2624,0,True,False,0,0,1
2625,0,False,False,0,1,1
2626,1,True,False,1,0,0
2627,0,True,False,0,1,1
2628,1,False,False,1,0,0
2629,1,False,False,1,1,0
2630,0,True,False,0,0,1
2631,1,True,False,1,1,0
2632,0,False,False,0,0,1
2633,1,True,False,1,1,0
2634,0,False,False,0,0,1
2635,0,False,False,0,0,1
2636,1,True,False,1,1,0
2637,0,False,False,0,0,1
2638,1,True,False,1,1,0
2639,0,False,False,0,1,1
2640,1,True,False,1,0,0
2641,0,True,False,0,0,1
2642,1,False,False,1,1,0
2643,1,True,False,1,0,0
2644,0,False,False,0,1,1
2645,1,False,False,1,1,0
2646,0,True,False,0,0,1
2647,1,True,False,1,0,0
2648,0,False,False,0,1,1
2649,0,True,False,0,0,1
2650,1,False,False,1,1,0
2651,0,False,False,0,0,1
2652,1,True,False,1,1,0
2653,0,False,False,0,0,1
2654,1,True,False,1,1,0
2655,1,True,False,1,1,0
2656,0,False,False,0,0,1
2657,1,True,False,1,1,0
2658,0,False,False,0,0,1
2659,0,False,False,0,0,1
2660,1,True,False,1,1,0
2661,0,False,False,0,1,1
2662,1,True,False,1,0,0
2663,0,True,False,0,0,1
2664,1,False,False,1,1,0
2665,1,True,False,1,1,0
2666,0,False,False,0,0,1
2667,0,False,False,0,1,1
2668,1,True,False,1,0,0
2669,0,True,False,0,1,1
2670,1,False,False,1,0,0
2671,0,True,False,0,0,1
2672,1,False,False,1,1,0
2673,0,False,False,0,0,1
2674,1,True,False,1,1,0
2675,1,True,False,1,1,0
2676,0,False,False,0,0,1
2677,0,False,False,0,1,1
2678,1,True,False,1,0,0
2679,1,True,False,1,1,0
2680,0,False,False,0,0,1
2681,0,False,False,0,1,1
2682,1,True,False,1,0,0
2683,1,False,False,1,1,0
2684,0,True,False,0,0,1
2685,0,False,False,0,0,1
2686,1,True,False,1,1,0
2687,0,False,False,0,0,1
2688,1,True,False,1,1,0
2689,0,False,False,0,1,1
2690,1,True,False,1,0,0
2691,1,False,False,1,0,0
2692,0,True,False,0,1,1
2693,1,False,False,1,0,0
2694,0,True,False,0,1,1
2695,1,False,False,1,1,0
2696,0,True,False,0,0,1
2697,0,False,False,0,1,1
2698,1,True,False,1,0,0
2699,1,True,False,1,0,0
2700,0,False,False,0,1,1
2701,1,False,False,1,0,0
2702,0,True,False,0,1,1
2703,0,True,False,0,1,1
2704,1,False,False,1,0,0
2705,0,True,False,0,1,1
2706,1,False,False,1,0,0
2707,0,True,False,0,1,1
2708,1,False,False,1,0,0
2709,1,False,False,1,0,0
2710,0,True,False,0,1,1
2711,0,True,False,0,0,1
2712,1,False,False,1,1,0
2713,0,False,False,0,1,1
2714,1,True,False,1,0,0
2715,0,True,False,0,1,1
2716,1,False,False,1,0,0
2717,1,False,False,1,1,0
2718,0,True,False,0,0,1
2719,1,True,False,1,1,0
2720,0,False,False,0,0,1
2721,1,True,False,1,0,0
2722,0,False,False,0,1,1
2723,0,True,False,0,1,1
2724,1,False,False,1,0,0
2725,0,True,False,0,1,1
2726,1,False,False,1,0,0
2727,0,True,False,0,1,1
2728,1,False,False,1,0,0
2729,0,True,False,0,0,1
2730,1,False,False,1,1,0
2731,1,True,False,1,1,0
2732,0,False,False,0,0,1
2733,1,True,False,1,0,0
2734,0,False,False,0,1,1
2735,1,False,False,1,1,0
2736,0,True,False,0,0,1
2737,1,True,False,1,0,0
2738,0,False,False,0,1,1
2739,1,True,False,1,1,0
2740,0,False,False,0,0,1
2741,1,True,False,1,0,0
2742,0,False,False,0,1,1
2743,1,False,False,1,0,0
2744,0,True,False,0,1,1
2745,0,True,False,0,0,1
2746,1,False,False,1,1,0
2747,1,True,False,1,0,0
2748,0,False,False,0,1,1
2749,1,False,False,1,0,0
2750,0,True,False,0,1,1
2751,0,True,False,0,0,1
2752,1,False,False,1,1,0
2753,1,True,False,1,0,0
2754,0,False,False,0,1,1
2755,0,True,False,0,0,1
2756,1,False,False,1,1,0
2757,0,False,False,0,1,1
2758,1,True,False,1,0,0
2759,1,True,False,1,1,0
2760,0,False,False,0,0,1
2761,1,True,False,1,1,0
2762,0,False,False,0,0,1
2763,0,False,False,0,0,1
2764,1,True,False,1,1,0
2765,0,False,False,0,1,1
2766,1,True,False,1,0,0
2767,0,True,False,0,1,1
2768,1,False,False,1,0,0
2769,0,True,False,0,1,1
2770,1,False,False,1,0,0
2771,0,True,False,0,1,1
2772,1,False,False,1,0,0
2773,0,True,False,0,0,1
2774,1,False,False,1,1,0
2775,0,False,False,0,0,1
2776,1,True,False,1,1,0
2777,1,True,False,1,1,0
2778,0,False,False,0,0,1
2779,0,False,False,0,0,1
2780,1,True,False,1,1,0
2781,1,True,False,1,0,0
2782,0,False,False,0,1,1
2783,1,False,False,1,0,0
2784,0,True,False,0,1,1
2785,1,False,False,1,1,0
2786,0,True,False,0,0,1
2787,0,False,False,0,1,1
2788,1,True,False,1,0,0
2789,1,False,False,1,0,0
2790,0,True,False,0,1,1
2791,1,False,False,1,1,0
2792,0,True,False,0,0,1
2793,1,True,False,1,0,0
2794,0,False,False,0,1,1
2795,1,False,False,1,0,0
2796,0,True,False,0,1,1
2797,1,False,False,1,0,0
2798,0,True,False,0,1,1
2799,1,True,False,1,1,0
2800,0,False,False,0,0,1
2801,1,True,False,1,1,0
2802,0,False,False,0,0,1
2803,0,False,False,0,0,1
2804,1,True,False,1,1,0
2805,1,True,False,1,0,0
2806,0,False,False,0,1,1
2807,0,True,False,0,0,1
2808,1,False,False,1,1,0
2809,0,False,False,0,0,1
2810,1,True,False,1,1,0
2811,1,True,False,1,0,0
2812,0,False,False,0,1,1
2813,1,False,False,1,1,0
2814,0,True,False,0,0,1
2815,0,False,False,0,0,1
2816,1,True,False,1,1,0
2817,0,False,False,0,1,1
2818,1,True,False,1,0,0
2819,0,True,False,0,1,Player
2820,0,True,False,0,1,Player
2821,0,True,False,0,1,Player
2822,0,False,False,0,1,1
2823,1,True,False,1,0,0
2824,1,False,False,1,1,0
2825,0,True,False,0,0,1
2826,1,True,False,1,0,0
2827,0,False,False,0,1,1
2828,0,True,False,0,0,1
2829,1,False,False,1,1,0
2830,0,False,False,0,0,1
2831,1,True,False,1,1,0
2832,1,True,False,1,0,0
2833,0,False,False,0,1,1
2834,0,True,False,0,0,1
2835,1,False,False,1,1,0
2836,0,False,False,0,1,1
2837,1,True,False,1,0,0
2838,0,True,False,0,0,1
2839,1,False,False,1,1,0
2840,0,False,False,0,1,1
2841,1,True,False,1,0,0
2842,0,False,False,0,0,1
2843,1,True,False,1,1,0
2844,1,True,False,1,1,0
2845,0,False,False,0,0,1
2846,1,True,False,1,0,0
2847,0,False,False,0,1,1
2848,0,True,False,0,0,1
2849,1,False,False,1,1,0
2850,0,False,False,0,1,1
2851,1,True,False,1,0,0
2852,1,False,False,1,1,0
2853,0,True,False,0,0,1
2854,0,False,False,0,0,1
2855,1,True,False,1,1,0
2856,0,False,False,0,1,1
2857,1,True,False,1,0,0
2858,0,True,False,0,0,1
2859,1,False,False,1,1,0
2860,1,True,False,1,0,0
2861,0,False,False,0,1,1
2862,0,False,False,0,1,1
2863,1,True,False,1,0,0
2864,1,False,False,1,0,0
2865,0,True,False,0,1,1
2866,1,False,False,1,0,0
2867,0,True,False,0,1,1
2868,1,False,False,1,1,0
2869,0,True,False,0,0,1
2870,0,False,False,0,0,1
2871,1,True,False,1,1,0
2872,0,False,False,0,0,1
2873,1,True,False,1,1,0
2874,0,False,False,0,1,1
2875,1,True,False,1,0,0
2876,0,True,False,0,0,1
2877,1,False,False,1,1,0
2878,0,False,False,0,1,1
2879,1,True,False,1,0,0
2880,0,True,False,0,0,1
2881,1,False,False,1,1,0
2882,0,False,False,0,1,1
2883,1,True,False,1,0,0
2884,0,True,False,0,0,1
2885,1,False,False,1,1,0
2886,1,True,False,1,1,0
2887,0,False,False,0,0,1
2888,1,True,False,1,0,0
2889,0,False,False,0,1,1
2890,0,True,False,0,1,1
2891,1,False,False,1,0,0
2892,1,False,False,1,1,0
2893,0,True,False,0,0,1
2894,0,False,False,0,0,1
2895,1,True,False,1,1,0
2896,1,True,False,1,0,0
2897,0,False,False,0,1,1
2898,0,True,False,0,1,1
2899,1,False,False,1,0,0
2900,0,True,False,0,1,1
2901,1,False,False,1,0,0
2902,0,False,False,0,0,1
2903,1,True,False,1,1,0
2904,0,False,False,0,1,1
2905,1,True,False,1,0,0
2906,1,False,False,1,0,0
2907,0,True,False,0,1,1
2908,0,True,False,0,1,1
2909,1,False,False,1,0,0
2910,0,True,False,0,1,1
2911,1,False,False,1,0,0
2912,0,True,False,0,1,1
2913,1,False,False,1,0,0
2914,1,False,False,1,0,0
2915,0,True,False,0,1,1
2916,0,True,False,0,1,1
2917,1,False,False,1,0,0
2918,0,True,False,0,0,1
2919,1,False,False,1,1,0
2920,0,False,False,0,0,1
2921,1,True,False,1,1,0
2922,0,False,False,0,1,1
2923,1,True,False,1,0,0
2924,1,False,False,1,0,0
2925,0,True,False,0,1,1
2926,0,True,False,0,1,1
2927,1,False,False,1,0,0
2928,0,True,False,0,0,1
2929,1,False,False,1,1,0
2930,1,True,False,1,0,0
2931,0,False,False,0,1,1
2932,1,False,False,1,0,0
2933,0,True,False,0,1,1
2934,1,False,False,1,1,0
2935,0,True,False,0,0,1
2936,0,False,False,0,1,1
2937,1,True,False,1,0,0
2938,0,True,False,0,0,1
2939,1,False,False,1,1,0
2940,0,False,False,0,0,1
2941,1,True,False,1,1,0
2942,1,True,False,1,0,0
2943,0,False,False,0,1,1
2944,0,True,False,0,1,1
2945,1,False,False,1,0,0
2946,0,True,False,0,0,1
2947,1,False,False,1,1,0
2948,0,False,False,0,1,1
2949,1,True,False,1,0,0
2950,0,True,False,0,0,1
2951,1,False,False,1,1,0
2952,1,True,False,1,1,0
2953,0,False,False,0,0,1
2954,1,True,False,1,1,0
2955,0,False,False,0,0,1
2956,1,True,False,1,0,0
2957,0,False,False,0,1,1
2958,0,True,False,0,1,1
2959,1,False,False,1,0,0
2960,0,True,False,0,0,1
2961,1,False,False,1,1,0
2962,0,False,False,0,1,1
2963,1,True,False,1,0,0
2964,1,False,False,1,1,0
2965,0,True,False,0,0,1
2966,1,True,False,1,1,0
2967,0,False,False,0,0,1
2968,0,False,False,0,1,1
2969,1,True,False,1,0,0
2970,0,True,False,0,1,1
2971,1,False,False,1,0,0
2972,0,True,False,0,1,1
2973,1,False,False,1,0,0
2974,1,False,False,1,1,0
2975,0,True,False,0,0,1
2976,0,False,False,0,1,1
2977,1,True,False,1,0,0
2978,0,True,False,0,1,1
2979,1,False,False,1,0,0
2980,1,False,False,1,1,0
2981,0,True,False,0,0,1
2982,0,False,False,0,1,1
2983,1,True,False,1,0,0
2984,1,False,False,1,0,0
2985,0,True,False,0,1,1
2986,0,True,False,0,0,1
2987,1,False,False,1,1,0
2988,1,True,False,1,1,0
2989,0,False,False,0,0,1
2990,0,False,False,0,1,1
2991,1,True,False,1,0,0
2992,0,True,False,0,1,1
2993,1,False,False,1,0,0
2994,1,False,False,1,1,0
2995,0,True,False,0,0,1
2996,0,False,False,0,0,1
2997,1,True,False,1,1,0
2998,0,False,False,0,0,1
2999,1,True,False,1,1,0
3000,1,True,False,1,1,0
3001,0,False,False,0,0,1
3002,0,False,False,0,0,1
3003,1,True,False,1,1,0
3004,1,True,False,1,1,0
3005,0,False,False,0,0,1
3006,0,False,False,0,0,1
3007,1,True,False,1,1,0
3008,0,False,False,0,1,1
3009,1,True,False,1,0,0
3010,0,True,False,0,0,1
3011,1,False,False,1,1,0
3012,0,False,False,0,0,1
3013,1,True,False,1,1,0
3014,1,True,False,1,0,0
3015,0,False,False,0,1,1
3016,0,True,False,0,0,1
3017,1,False,False,1,1,0
3018,1,True,False,1,0,0
3019,0,False,False,0,1,1
3020,0,True,False,0,1,1
3021,1,False,False,1,0,0
3022,1,True,False,1,0,0
3023,0,False,False,0,1,1
3024,0,True,False,0,0,1
3025,1,False,False,1,1,0
3026,0,False,False,0,0,1
3027,1,True,False,1,1,0
3028,0,False,False,0,0,1
3029,1,True,False,1,1,0
3030,1,True,False,1,1,0
3031,0,False,False,0,0,1
3032,1,True,False,1,1,0
3033,0,False,False,0,0,1
3034,0,False,False,0,0,1
3035,1,True,False,1,1,0
3036,1,True,False,1,0,0
3037,0,False,False,0,1,1
3038,1,False,False,1,0,0
3039,0,True,False,0,1,1
3040,1,False,False,1,1,0
3041,0,True,False,0,0,1
3042,1,True,False,1,1,0
3043,0,False,False,0,0,1
3044,0,False,False,0,0,1
3045,1,True,False,1,1,0
3046,0,False,False,0,1,1
3047,1,True,False,1,0,0
3048,1,False,False,1,1,0
3049,0,True,False,0,0,1
3050,1,True,False,1,1,0
3051,0,False,False,0,0,1
3052,1,True,False,1,0,0
3053,0,False,False,0,1,1
3054,0,True,False,0,1,1
3055,1,False,False,1,0,0
3056,1,False,False,1,0,0
3057,0,True,False,0,1,1
3058,1,False,False,1,1,0
3059,0,True,False,0,0,1
3060,1,True,False,1,1,0
3061,0,False,False,0,0,1
3062,1,True,False,1,1,0
3063,0,False,False,0,0,1
3064,0,False,False,0,0,1
3065,1,True,False,1,1,0
3066,1,True,False,1,1,0
3067,0,False,False,0,0,1
3068,0,False,False,0,0,1
3069,1,True,False,1,1,0
3070,0,False,False,0,1,1
3071,1,True,False,1,0,0
3072,1,False,False,1,1,0
3073,0,True,False,0,0,1
3074,1,True,False,1,0,0
3075,0,False,False,0,1,1
3076,0,True,False,0,1,1
3077,1,False,False,1,0,0
3078,0,True,False,0,1,1
3079,1,False,False,1,0,0
3080,0,True,False,0,1,1
3081,1,False,False,1,0,0
3082,1,False,False,1,1,0
3083,0,True,False,0,0,1
3084,1,True,False,1,0,0
3085,0,False,False,0,1,1
3086,0,True,False,0,0,1
3087,1,False,False,1,1,0
3088,1,True,False,1,0,0
3089,0,False,False,0,1,1
3090,1,False,False,1,0,0
3091,0,True,False,0,1,1
3092,0,True,False,0,1,1
3093,1,False,False,1,0,0
3094,0,True,False,0,1,1
3095,1,False,False,1,0,0
3096,0,True,False,0,1,1
3097,1,False,False,1,0,0
3098,0,True,False,0,0,1
3099,1,False,False,1,1,0
3100,0,False,False,0,0,1
3101,1,True,False,1,1,0
3102,1,True,False,1,1,0
3103,0,False,False,0,0,1
3104,0,False,False,0,0,1
3105,1,True,False,1,1,0
3106,1,True,False,1,1,0
3107,0,False,False,0,0,1
3108,1,True,False,1,0,0
3109,0,False,False,0,1,1
3110,1,False,False,1,0,0
3111,0,True,False,0,1,1
3112,1,False,False,1,0,0
3113,0,True,False,0,1,1
3114,1,False,False,1,1,0
3115,0,True,False,0,0,1
3116,1,True,False,1,1,0
3117,0,False,False,0,0,1
3118,1,True,False,1,1,0
3119,0,False,False,0,0,1
3120,0,False,False,0,1,1
3121,1,True,False,1,0,0
3122,1,False,False,1,0,0
3123,0,True,False,0,1,1
3124,0,True,False,0,0,1
3125,1,False,False,1,1,0
3126,1,True,False,1,0,0
3127,0,False,False,0,1,1
3128,1,False,False,1,0,0
3129,0,True,False,0,1,1
3130,1,False,False,1,1,0
3131,0,True,False,0,0,1
3132,0,False,False,0,0,1
3133,1,True,False,1,1,0
3134,0,False,False,0,1,1
3135,1,True,False,1,0,0
3136,1,False,False,1,1,0
3137,0,True,False,0,0,1
3138,0,False,False,0,1,1
3139,1,True,False,1,0,0
3140,0,True,False,0,1,1
3141,1,False,False,1,0,0
3142,0,False,False,0,1,1
3143,1,True,False,1,0,0
3144,0,True,False,0,0,1
3145,1,False,False,1,1,0
3146,1,True,False,1,1,0
3147,0,False,False,0,0,1
3148,1,True,False,1,0,0
3149,0,False,False,0,1,1
3150,0,True,False,0,1,1
3151,1,False,False,1,0,0
3152,0,True,False,0,0,1
3153,1,False,False,1,1,0
3154,0,False,False,0,0,1
3155,1,True,False,1,1,0
3156,1,True,False,1,0,0
3157,0,False,False,0,1,1
3158,1,False,False,1,0,0
3159,0,True,False,0,1,1
3160,1,False,False,1,0,0
3161,0,True,False,0,1,1
3162,1,False,False,1,0,0
3163,0,True,False,0,1,1
3164,1,False,False,1,1,0
3165,0,True,False,0,0,1
3166,0,False,False,0,1,1
3167,1,True,False,1,0,0
3168,1,False,False,1,1,0
3169,0,True,False,0,0,1
3170,1,True,False,1,0,0
3171,0,False,False,0,1,1
3172,0,True,False,0,0,1
3173,1,False,False,1,1,0
3174,1,True,False,1,1,0
3175,0,False,False,0,0,1
3176,1,True,False,1,0,0
3177,0,False,False,0,1,1
3178,0,True,False,0,0,1
3179,1,False,False,1,1,0
3180,1,True,False,1,0,0
3181,0,False,False,0,1,1
3182,0,False,False,0,0,1
3183,1,True,False,1,1,0
3184,1,True,False,1,0,0
3185,0,False,False,0,1,1
3186,1,False,False,1,0,0
3187,0,True,False,0,1,1
3188,1,False,False,1,0,0
3189,0,True,False,0,1,1
3190,1,False,False,1,1,0
3191,0,True,False,0,0,1
3192,1,True,False,1,1,0
3193,0,False,False,0,0,1
3194,1,True,False,1,0,0
3195,0,False,False,0,1,1
3196,0,True,False,0,0,1
3197,1,False,False,1,1,0
3198,0,False,False,0,1,1
3199,1,True,False,1,0,0
3200,1,False,False,1,0,0
3201,0,True,False,0,1,1
3202,0,True,False,0,0,1
3203,1,False,False,1,1,0
3204,0,False,False,0,1,1
3205,1,True,False,1,0,0
3206,0,True,False,0,0,1
3207,1,False,False,1,1,0
3208,0,False,False,0,0,1
3209,1,True,False,1,1,0
3210,0,False,False,0,1,1
3211,1,True,False,1,0,0
3212,0,True,False,0,0,1
3213,1,False,False,1,1,0
3214,1,True,False,1,0,0
3215,0,False,False,0,1,1
3216,1,False,False,1,0,0
3217,0,True,False,0,1,1
3218,1,False,False,1,1,0
3219,0,True,False,0,0,1
3220,1,True,False,1,0,0
3221,0,False,False,0,1,1
3222,1,True,False,1,1,0
3223,0,False,False,0,0,1
3224,1,True,False,1,0,0
3225,0,False,False,0,1,1
3226,1,False,False,1,0,0
3227,0,True,False,0,1,1
3228,0,True,False,0,0,1
3229,1,False,False,1,1,0
3230,0,False,False,0,1,1
3231,1,True,False,1,0,0
3232,1,False,False,1,0,0
3233,0,True,False,0,1,1
3234,0,True,False,0,0,1
3235,1,False,False,1,1,0
3236,0,False,False,0,0,1
3237,1,True,False,1,1,0
3238,0,False,False,0,0,1
3239,1,True,False,1,1,0
3240,1,True,False,1,1,0
3241,0,False,False,0,0,1
3242,1,True,False,1,0,0
3243,0,False,False,0,1,1
3244,0,True,False,0,1,1
3245,1,False,False,1,0,0
3246,0,True,False,0,1,1
3247,1,False,False,1,0,0
3248,0,True,False,0,1,1
3249,1,False,False,1,0,0
3250,1,False,False,1,0,0
3251,0,True,False,0,1,1
3252,1,False,False,1,0,0
3253,0,True,False,0,1,1
3254,1,False,False,1,1,0
3255,0,True,False,0,0,1
3256,1,True,False,1,1,0
3257,0,False,False,0,0,1
3258,1,True,False,1,1,0
3259,0,False,False,0,0,1
3260,1,True,False,1,0,0
3261,0,False,False,0,1,1
3262,1,True,False,1,0,0
3263,0,False,False,0,1,1
3264,1,False,False,1,1,0
3265,0,True,False,0,0,1
3266,0,False,False,0,0,1
3267,1,True,False,1,1,0
3268,0,False,False,0,0,1
3269,1,True,False,1,1,0
3270,1,True,False,1,1,0
3271,0,False,False,0,0,1
3272,1,True,False,1,0,0
3273,0,False,False,0,1,1
3274,0,True,False,0,1,1
3275,1,False,False,1,0,0
3276,0,True,False,0,1,1
3277,1,False,False,1,0,0
3278,1,False,False,1,1,0
3279,0,True,False,0,0,1
3280,1,True,False,1,0,0
3281,0,False,False,0,1,1
3282,1,False,False,1,0,0
3283,0,True,False,0,1,1
3284,0,True,False,0,0,1
3285,1,False,False,1,1,0
3286,1,True,False,1,1,0
3287,0,False,False,0,0,1
3288,1,True,False,1,0,0
3289,0,False,False,0,1,1
3290,1,False,False,1,0,0
3291,0,True,False,0,1,1
3292,0,True,False,0,0,1
3293,1,False,False,1,1,0
3294,1,True,False,1,1,0
3295,0,False,False,0,0,1
3296,0,False,False,0,0,1
3297,1,True,False,1,1,0
3298,0,False,False,0,1,1
3299,1,True,False,1,0,0
3300,1,False,False,1,0,0
3301,0,True,False,0,1,1
3302,0,False,False,0,1,1
3303,1,True,False,1,0,0
3304,1,False,False,1,0,0
3305,0,True,False,0,1,1
3306,1,False,False,1,1,0
3307,0,True,False,0,0,1
3308,0,False,False,0,0,1
3309,1,True,False,1,1,0
3310,1,True,False,1,0,0
3311,0,False,False,0,1,1
3312,0,True,False,0,1,1
3313,1,False,False,1,0,0
3314,0,True,False,0,1,1
3315,1,False,False,1,0,0
3316,1,False,False,1,1,0
3317,0,True,False,0,0,1
3318,1,True,False,1,0,0
3319,0,False,False,0,1,1
3320,0,True,False,0,1,1
3321,1,False,False,1,0,0
3322,0,True,False,0,1,1
3323,1,False,False,1,0,0
3324,0,True,False,0,0,1
3325,1,False,False,1,1,0
3326,0,False,False,0,0,1
3327,1,True,False,1,1,0
3328,0,False,False,0,0,1
3329,1,True,False,1,1,0
3330,0,False,False,0,1,1
3331,1,True,False,1,0,0
3332,0,True,False,0,0,1
3333,1,False,False,1,1,0
3334,0,False,False,0,0,1
3335,1,True,False,1,1,0
3336,0,False,False,0,0,1
3337,1,True,False,1,1,0
3338,1,True,False,1,1,0
3339,0,False,False,0,0,1
3340,0,False,False,0,0,1
3341,1,True,False,1,1,0
3342,1,True,False,1,1,0
3343,0,False,False,0,0,1
3344,0,False,False,0,1,1
3345,1,True,False,1,0,0
3346,0,True,False,0,1,1
3347,1,False,False,1,0,0
3348,0,True,False,0,0,1
3349,1,False,False,1,1,0
3350,0,False,False,0,0,1
3351,1,True,False,1,1,0
3352,1,True,False,1,0,0
3353,0,False,False,0,1,1
3354,1,False,False,1,0,0
3355,0,True,False,0,1,1
3356,1,False,False,1,1,0
3357,0,True,False,0,0,1
3358,1,True,False,1,1,0
3359,0,False,False,0,0,1
3360,0,False,False,0,0,1
3361,1,True,False,1,1,0
3362,0,False,False,0,1,1
3363,1,True,False,1,0,0
3364,1,False,False,1,0,0
3365,0,True,False,0,1,1
3366,0,True,False,0,0,1
3367,1,False,False,1,1,0
3368,1,True,False,1,0,0
3369,0,False,False,0,1,1
3370,0,True,False,0,0,1
3371,1,False,False,1,1,0
3372,1,True,False,1,0,0
3373,0,False,False,0,1,1
3374,0,True,False,0,0,1
3375,1,False,False,1,1,0
3376,0,False,False,0,0,1
3377,1,True,False,1,1,0
3378,1,True,False,1,1,0
3379,0,False,False,0,0,1
3380,1,True,False,1,0,0
3381,0,False,False,0,1,1
3382,1,True,False,1,0,0
3383,0,False,False,0,1,1
3384,0,True,False,0,1,1
3385,1,False,False,1,0,0
3386,0,True,False,0,1,1
3387,1,False,False,1,0,0
3388,0,True,False,0,1,1
3389,1,False,False,1,0,0
3390,0,True,False,0,0,1
3391,1,False,False,1,1,0
3392,1,True,False,1,0,0
3393,0,False,False,0,1,1
3394,0,True,False,0,1,1
3395,1,False,False,1,0,0
3396,1,False,False,1,0,0
3397,0,True,False,0,1,1
3398,1,False,False,1,1,0
3399,0,True,False,0,0,1
3400,0,False,False,0,0,1
3401,1,True,False,1,1,0
3402,1,True,False,1,1,0
3403,0,False,False,0,0,1
3404,0,False,False,0,1,1
3405,1,True,False,1,0,0
3406,0,True,False,0,1,1
3407,1,False,False,1,0,0
3408,1,False,False,1,1,0
3409,0,True,False,0,0,1
3410,0,False,False,0,1,1
3411,1,True,False,1,0,0
3412,1,False,False,1,0,0
3413,0,True,False,0,1,1
3414,1,False,False,1,0,0
3415,0,True,False,0,1,1
3416,1,False,False,1,1,0
3417,0,True,False,0,0,1
3418,1,True,False,1,0,0
3419,0,False,False,0,1,1
3420,1,False,False,1,0,0
3421,0,True,False,0,1,1
3422,1,True,False,1,1,0
3423,0,False,False,0,0,1
3424,0,False,False,0,0,1
3425,1,True,False,1,1,0
3426,0,False,False,0,1,1
3427,1,True,False,1,0,0
3428,1,False,False,1,0,0
3429,0,True,False,0,1,1
3430,0,True,False,0,1,1
3431,1,False,False,1,0,0
3432,1,False,False,1,0,0
3433,0,True,False,0,1,1
3434,1,False,False,1,1,0
3435,0,True,False,0,0,1
3436,1,True,False,1,1,0
3437,0,False,False,0,0,1
3438,0,False,False,0,1,1
3439,1,True,False,1,0,0
3440,0,True,False,0,1,1
3441,1,False,False,1,0,0
3442,1,False,False,1,1,0
3443,0,True,False,0,0,1
3444,1,True,False,1,1,0
3445,0,False,False,0,0,1
3446,0,False,False,0,0,1
3447,1,True,False,1,1,0
3448,1,True,False,1,0,0
3449,0,False,False,0,1,1
3450,0,True,False,0,1,1
3451,1,False,False,1,0,0
3452,1,False,False,1,1,0
3453,0,True,False,0,0,1
3454,0,False,False,0,0,1
3455,1,True,False,1,1,0
3456,1,True,False,1,0,0
3457,0,False,False,0,1,1
3458,0,True,False,0,1,1
3459,1,False,False,1,0,0
3460,0,True,False,0,1,1
3461,1,False,False,1,0,0
3462,1,True,False,1,0,0
3463,0,False,False,0,1,1
3464,1,False,False,1,1,0
3465,0,True,False,0,0,1
3466,0,False,False,0,1,1
3467,1,True,False,1,0,0
3468,1,False,False,1,1,0
3469,0,True,False,0,0,1
3470,0,False,False,0,1,1
3471,1,True,False,1,0,0
3472,1,False,False,1,1,0
3473,0,True,False,0,0,1
3474,0,False,False,0,0,1
3475,1,True,False,1,1,0
3476,1,True,False,1,1,0
3477,0,False,False,0,0,1
3478,0,False,False,0,1,1
3479,1,True,False,1,0,0
3480,0,True,False,0,1,1
3481,1,False,False,1,0,0
3482,1,False,False,1,0,0
3483,0,True,False,0,1,1
3484,1,False,False,1,0,0
3485,0,True,False,0,1,1
3486,0,True,False,0,0,1
3487,1,False,False,1,1,0
3488,0,False,False,0,0,1
3489,1,True,False,1,1,0
3490,0,False,False,0,1,1
3491,1,True,False,1,0,0
3492,0,True,False,0,1,1
3493,1,False,False,1,0,0
3494,0,True,False,0,0,1
3495,1,False,False,1,1,0
3496,0,False,False,0,0,1
3497,1,True,False,1,1,0
3498,1,True,False,1,0,0
3499,0,False,False,0,1,1
3500,1,False,False,1,0,0
3501,0,True,False,0,1,1
3502,1,True,False,1,1,0
3503,0,False,False,0,0,1
3504,1,True,False,1,1,0
3505,0,False,False,0,0,1
3506,1,True,False,1,0,0
3507,0,False,False,0,1,1
3508,1,False,False,1,1,0
3509,0,True,False,0,0,1
3510,0,False,False,0,1,1
3511,1,True,False,1,0,0
3512,1,False,False,1,0,0
3513,0,True,False,0,1,1
3514,0,True,False,0,1,1
3515,1,False,False,1,0,0
3516,0,True,False,0,0,1
3517,1,False,False,1,1,0
3518,1,True,False,1,1,0
3519,0,False,False,0,0,1
3520,0,False,False,0,1,1
3521,1,True,False,1,0,0
3522,0,True,False,0,1,1
3523,1,False,False,1,0,0
3524,1,False,False,1,1,0
3525,0,True,False,0,0,1
3526,1,True,False,1,0,0
3527,0,False,False,0,1,1
3528,0,True,False,0,1,1
3529,1,False,False,1,0,0
3530,1,False,False,1,0,0
3531,0,True,False,0,1,1
3532,1,False,False,1,0,0
3533,0,True,False,0,1,1
3534,0,True,False,0,1,1
3535,1,False,False,1,0,0
3536,1,False,False,1,0,0
3537,0,True,False,0,1,1
3538,0,True,False,0,0,1
3539,1,False,False,1,1,0
3540,1,True,False,1,1,0
3541,0,False,False,0,0,1
3542,1,True,False,1,0,0
3543,0,False,False,0,1,1
3544,1,False,False,1,1,0
3545,0,True,False,0,0,1
3546,0,False,False,0,0,1
3547,1,True,False,1,1,0
3548,1,True,False,1,1,0
3549,0,False,False,0,0,1
3550,1,True,False,1,0,0
3551,0,False,False,0,1,1
3552,1,False,False,1,1,0
3553,0,True,False,0,0,1
3554,0,False,False,0,1,1
3555,1,True,False,1,0,0
3556,0,True,False,0,1,1
3557,1,False,False,1,0,0
3558,0,True,False,0,1,1
3559,1,False,False,1,0,0
3560,0,True,False,0,0,1
3561,1,False,False,1,1,0
3562,1,True,False,1,1,0
3563,0,False,False,0,0,1
3564,1,True,False,1,1,0
3565,0,False,False,0,0,1
3566,0,False,False,0,1,1
3567,1,True,False,1,0,0
3568,1,False,False,1,1,0
3569,0,True,False,0,0,1
3570,1,True,False,1,0,0
3571,0,False,False,0,1,1
3572,1,False,False,1,1,0
3573,0,True,False,0,0,1
3574,1,True,False,1,1,0
3575,0,False,False,0,0,1
3576,1,True,False,1,1,0
3577,0,False,False,0,0,1
3578,0,False,False,0,1,1
3579,1,True,False,1,0,0
3580,0,True,False,0,1,1
3581,1,False,False,1,0,0
3582,0,False,False,0,1,1
3583,1,True,False,1,0,0
3584,0,True,False,0,0,1
3585,1,False,False,1,1,0
3586,1,True,False,1,0,0
3587,0,False,False,0,1,1
3588,1,False,False,1,1,0
3589,0,True,False,0,0,1
3590,0,False,False,0,0,1
3591,1,True,False,1,1,0
3592,1,True,False,1,0,0
3593,0,False,False,0,1,1
3594,0,True,False,0,1,1
3595,1,False,False,1,0,0
3596,0,True,False,0,1,1
3597,1,False,False,1,0,0
3598,0,True,False,0,1,1
3599,1,False,False,1,0,0
3600,0,True,False,0,1,1
3601,1,False,False,1,0,0
3602,1,False,False,1,0,0
3603,0,True,False,0,1,1
3604,0,True,False,0,1,1
3605,1,False,False,1,0,0
3606,0,True,False,0,0,1
3607,1,False,False,1,1,0
3608,1,True,False,1,1,0
3609,0,False,False,0,0,1
3610,0,False,False,0,0,1
3611,1,True,False,1,1,0
3612,1,True,False,1,1,0
3613,0,False,False,0,0,1
3614,1,True,False,1,1,0
3615,0,False,False,0,0,1
3616,0,False,False,0,1,1
3617,1,True,False,1,0,0
3618,0,True,False,0,0,1
3619,1,False,False,1,1,0
3620,0,False,False,0,1,1
3621,1,True,False,1,0,0
3622,0,False,False,0,0,1
3623,1,True,False,1,1,0
3624,1,True,False,1,0,0
3625,0,False,False,0,1,1
3626,0,True,False,0,0,1
3627,1,False,False,1,1,0
3628,1,True,False,1,0,0
3629,0,False,False,0,1,1
3630,1,False,False,1,1,0
3631,0,True,False,0,0,1
3632,1,True,False,1,0,0
3633,0,False,False,0,1,1
3634,0,True,False,0,1,1
3635,1,False,False,1,0,0
3636,0,True,False,0,1,1
3637,1,False,False,1,0,0
3638,0,True,False,0,0,1
3639,1,False,False,1,1,0
3640,1,True,False,1,0,0
3641,0,False,False,0,1,1
3642,1,False,False,1,0,0
3643,0,True,False,0,1,1
3644,1,False,False,1,1,0
3645,0,True,False,0,0,1
3646,1,True,False,1,1,0
3647,0,False,False,0,0,1
3648,1,True,False,1,1,0
3649,0,False,False,0,0,1
3650,0,False,False,0,0,1
3651,1,True,False,1,1,0
3652,1,True,False,1,0,0
3653,0,False,False,0,1,1
3654,0,True,False,0,0,1
3655,1,False,False,1,1,0
3656,1,True,False,1,0,0
3657,0,False,False,0,1,1
3658,0,True,False,0,1,1
3659,1,False,False,1,0,0
3660,0,True,False,0,1,1
3661,1,False,False,1,0,0
3662,1,True,False,1,0,0
3663,0,False,False,0,1,1
3664,0,True,False,0,0,1
3665,1,False,False,1,1,0
3666,1,True,False,1,0,0
3667,0,False,False,0,1,1
3668,0,True,False,0,0,1
3669,1,False,False,1,1,0
3670,0,False,False,0,1,1
3671,1,True,False,1,0,0
3672,0,True,False,0,1,1
3673,1,False,False,1,0,0
3674,0,True,False,0,0,1
3675,1,False,False,1,1,0
3676,0,False,False,0,0,1
3677,1,True,False,1,1,0
3678,1,True,False,1,0,0
3679,0,False,False,0,1,1
3680,1,False,False,1,1,0
3681,0,True,False,0,0,1
3682,1,True,False,1,1,0
3683,0,False,False,0,0,1
3684,0,False,False,0,1,1
3685,1,True,False,1,0,0
3686,0,True,False,0,0,1
3687,1,False,False,1,1,0
3688,0,False,False,0,0,1
3689,1,True,False,1,1,0
3690,0,False,False,0,0,1
3691,1,True,False,1,1,0
3692,0,False,False,0,0,1
3693,1,True,False,1,1,0
3694,1,True,False,1,0,0
3695,0,False,False,0,1,1
3696,0,True,False,0,1,1
3697,1,False,False,1,0,0
3698,1,False,False,1,1,0
3699,0,True,False,0,0,1
3700,1,True,False,1,1,0
3701,0,False,False,0,0,1
3702,0,False,False,0,1,1
3703,1,True,False,1,0,0
3704,1,False,False,1,0,0
3705,0,True,False,0,1,1
3706,1,False,False,1,1,0
3707,0,True,False,0,0,1
3708,1,True,False,1,1,0
3709,0,False,False,0,0,1
3710,0,False,False,0,0,1
3711,1,True,False,1,1,0
3712,1,True,False,1,1,0
3713,0,False,False,0,0,1
3714,0,False,False,0,1,1
3715,1,True,False,1,0,0
3716,1,False,False,1,0,0
3717,0,True,False,0,1,1
3718,0,True,False,0,1,1
3719,1,False,False,1,0,0
3720,0,True,False,0,1,1
3721,1,False,False,1,0,0
3722,1,False,False,1,0,0
3723,0,True,False,0,1,1
3724,1,False,False,1,0,0
3725,0,True,False,0,1,1
3726,0,True,False,0,0,1
3727,1,False,False,1,1,0
3728,1,True,False,1,0,0
3729,0,False,False,0,1,1
3730,1,False,False,1,1,0
3731,0,True,False,0,0,1
3732,0,False,False,0,1,1
3733,1,True,False,1,0,0
3734,1,False,False,1,1,0
3735,0,True,False,0,0,1
3736,1,True,False,1,1,0
3737,0,False,False,0,0,1
3738,1,True,False,1,1,0
3739,0,False,False,0,0,1
3740,1,True,False,1,1,0
3741,0,False,False,0,0,1
3742,0,False,False,0,1,1
3743,1,True,False,1,0,0
3744,1,False,False,1,0,0
3745,0,True,False,0,1,1
3746,1,False,False,1,0,0
3747,0,True,False,0,1,1
3748,0,True,False,0,1,1
3749,1,False,False,1,0,0
3750,1,False,False,1,0,0
3751,0,True,False,0,1,1
3752,0,True,False,0,1,1
3753,1,False,False,1,0,0
3754,1,False,False,1,0,0
3755,0,True,False,0,1,1
3756,0,True,False,0,0,1
3757,1,False,False,1,1,0
3758,1,True,False,1,1,0
3759,0,False,False,0,0,1
3760,0,False,False,0,1,1
3761,1,True,False,1,0,0
3762,1,False,False,1,1,0
3763,0,True,False,0,0,1
3764,1,True,False,1,1,0
3765,0,False,False,0,0,1
3766,0,False,False,0,1,1
3767,1,True,False,1,0,0
3768,0,True,False,0,0,1
3769,1,False,False,1,1,0
3770,1,True,False,1,0,0
3771,0,False,False,0,1,1
3772,1,False,False,1,0,0
3773,0,True,False,0,1,1
3774,1,False,False,1,0,0
3775,0,True,False,0,1,1
3776,1,False,False,1,1,0
3777,0,True,False,0,0,1
3778,1,True,False,1,0,0
3779,0,False,False,0,1,1
3780,1,False,False,1,0,0
3781,0,True,False,0,1,1
3782,0,False,False,0,0,1
3783,1,True,False,1,1,0
3784,1,True,False,1,1,0
3785,0,False,False,0,0,1
3786,1,True,False,1,1,0
3787,0,False,False,0,0,1
3788,1,True,False,1,0,0
3789,0,False,False,0,1,1
3790,1,False,False,1,1,0
3791,0,True,False,0,0,1
3792,1,True,False,1,1,0
3793,0,False,False,0,0,1
3794,1,True,False,1,1,0
3795,0,False,False,0,0,1
3796,0,False,False,0,0,1
3797,1,True,False,1,1,0
3798,1,True,False,1,1,0
3799,0,False,False,0,0,1
3800,0,False,False,0,0,1
3801,1,True,False,1,1,0
3802,1,True,False,1,1,0
3803,0,False,False,0,0,1
3804,1,True,False,1,0,0
3805,0,False,False,0,1,1
3806,1,False,False,1,1,0
3807,0,True,False,0,0,1
3808,1,True,False,1,1,0
3809,0,False,False,0,0,1
3810,0,False,False,0,1,1
3811,1,True,False,1,0,0
3812,0,True,False,0,0,1
3813,1,False,False,1,1,0
3814,0,False,False,0,1,1
3815,1,True,False,1,0,0
3816,1,False,False,1,1,0
3817,0,True,False,0,0,1
3818,0,False,False,0,1,1
3819,1,True,False,1,0,0
3820,0,True,False,0,0,1
3821,1,False,False,1,1,0
3822,1,True,False,1,1,0
3823,0,False,False,0,0,1
3824,0,False,False,0,1,1
3825,1,True,False,1,0,0
3826,0,True,False,0,1,1
3827,1,False,False,1,0,0
3828,1,False,False,1,1,0
3829,0,True,False,0,0,1
3830,1,True,False,1,0,0
3831,0,False,False,0,1,1
3832,1,False,False,1,0,0
3833,0,True,False,0,1,1
3834,0,True,False,0,1,1
3835,1,False,False,1,0,0
3836,1,False,False,1,0,0
3837,0,True,False,0,1,1
3838,1,False,False,1,0,0
3839,0,True,False,0,1,1
3840,1,False,False,1,0,0
3841,0,True,False,0,1,1
3842,1,False,False,1,1,0
3843,0,True,False,0,0,1
3844,1,True,False,1,1,0
3845,0,False,False,0,0,1
3846,0,False,False,0,1,1
3847,1,True,False,1,0,0
3848,0,True,False,0,1,1
3849,1,False,False,1,0,0
3850,0,True,False,0,0,1
3851,1,False,False,1,1,0
3852,1,True,False,1,1,0
3853,0,False,False,0,0,1
3854,0,False,False,0,0,1
3855,1,True,False,1,1,0
3856,0,False,False,0,1,1
3857,1,True,False,1,0,0
3858,0,True,False,0,1,1
3859,1,False,False,1,0,0
3860,1,False,False,1,0,0
3861,0,True,False,0,1,1
3862,1,True,False,1,0,0
3863,0,False,False,0,1,1
3864,1,False,False,1,1,0
3865,0,True,False,0,0,1
3866,1,True,False,1,0,0
3867,0,False,False,0,1,1
3868,0,True,False,0,1,1
3869,1,False,False,1,0,0
3870,1,False,False,1,0,0
3871,0,True,False,0,1,1
3872,0,True,False,0,1,1
3873,1,False,False,1,0,0
3874,1,False,False,1,0,0
3875,0,True,False,0,1,1
3876,0,True,False,0,1,1
3877,1,False,False,1,0,0
3878,1,False,False,1,1,0
3879,0,True,False,0,0,1
3880,1,True,False,1,0,0
3881,0,False,False,0,1,1
3882,1,False,False,1,0,0
3883,0,True,False,0,1,1
3884,1,False,False,1,0,0
3885,0,True,False,0,1,1
3886,0,True,False,0,0,1
3887,1,False,False,1,1,0
3888,0,False,False,0,0,1
3889,1,True,False,1,1,0
3890,1,True,False,1,1,0
3891,0,False,False,0,0,1
3892,0,False,False,0,0,1
3893,1,True,False,1,1,0
3894,1,True,False,1,0,0
3895,0,False,False,0,1,1
3896,0,True,False,0,1,1
3897,1,False,False,1,0,0
3898,0,True,False,0,0,1
3899,1,False,False,1,1,0
3900,1,True,False,1,0,0
3901,0,False,False,0,1,1
3902,1,True,False,1,1,0
3903,0,False,False,0,0,1
3904,0,False,False,0,0,1
3905,1,True,False,1,1,0
3906,1,True,False,1,1,0
3907,0,False,False,0,0,1
3908,1,True,False,1,1,0
3909,0,False,False,0,0,1
3910,0,False,False,0,1,1
3911,1,True,False,1,0,0
3912,0,True,False,0,1,1
3913,1,False,False,1,0,0
3914,1,False,False,1,0,0
3915,0,True,False,0,1,1
3916,0,True,False,0,0,1
3917,1,False,False,1,1,0
3918,1,True,False,1,0,0
3919,0,False,False,0,1,1
3920,1,False,False,1,1,0
3921,0,True,False,0,0,1
3922,1,True,False,1,1,0
3923,0,False,False,0,0,1
3924,1,True,False,1,0,0
3925,0,False,False,0,1,1
3926,1,False,False,1,0,0
3927,0,True,False,0,1,1
3928,0,True,False,0,1,1
3929,1,False,False,1,0,0
3930,0,True,False,0,1,1
3931,1,False,False,1,0,0
3932,0,True,False,0,1,1
3933,1,False,False,1,0,0
3934,0,True,False,0,1,1
3935,1,False,False,1,0,0
3936,1,False,False,1,0,0
3937,0,True,False,0,1,1
3938,0,True,False,0,1,1
3939,1,False,False,1,0,0
3940,0,True,False,0,1,1
3941,1,False,False,1,0,0
3942,0,False,False,0,1,1
3943,1,True,False,1,0,0
3944,1,False,False,1,0,0
3945,0,True,False,0,1,1
3946,0,True,False,0,0,1
3947,1,False,False,1,1,0
3948,1,True,False,1,0,0
3949,0,False,False,0,1,1
3950,0,True,False,0,1,1
3951,1,False,False,1,0,0
3952,0,True,False,0,1,1
3953,1,False,False,1,0,0
3954,0,True,False,0,0,1
3955,1,False,False,1,1,0
3956,0,False,False,0,1,1
3957,1,True,False,1,0,0
3958,0,True,False,0,0,1
3959,1,False,False,1,1,0
3960,0,False,False,0,0,1
3961,1,True,False,1,1,0
3962,1,True,False,1,0,0
3963,0,False,False,0,1,1
3964,1,False,False,1,0,0
3965,0,True,False,0,1,1
3966,0,True,False,0,0,1
3967,1,False,False,1,1,0
3968,0,False,False,0,1,1
3969,1,True,False,1,0,0
3970,0,True,False,0,0,1
3971,1,False,False,1,1,0
3972,1,True,False,1,1,0
3973,0,False,False,0,0,1
3974,0,False,False,0,0,1
3975,1,True,False,1,1,0
3976,1,True,False,1,1,0
3977,0,False,False,0,0,1
3978,0,False,False,0,0,1
3979,1,True,False,1,1,0
3980,1,True,False,1,1,0
3981,0,False,False,0,0,1
3982,1,True,False,1,1,0
3983,0,False,False,0,0,1
3984,0,False,False,0,0,1
3985,1,True,False,1,1,0
3986,0,False,False,0,0,1
3987,1,True,False,1,1,0
3988,0,False,False,0,0,1
3989,1,True,False,1,1,0
3990,1,True,False,1,1,0
3991,0,False,False,0,0,1
3992,1,True,False,1,1,0
3993,0,False,False,0,0,1
3994,0,False,False,0,0,1
3995,1,True,False,1,1,0
3996,1,True,False,1,1,0
3997,0,False,False,0,0,1
3998,0,False,False,0,0,1
3999,1,True,False,1,1,0
4000,0,False,False,0,1,1
4001,1,True,False,1,0,0
4002,0,True,False,0,0,1
4003,1,False,False,1,1,0
4004,1,True,False,1,0,0
4005,0,False,False,0,1,1
4006,1,False,False,1,1,0
4007,0,True,False,0,0,1
4008,1,True,False,1,0,0
4009,0,False,False,0,1,1
4010,1,False,False,1,0,0
4011,0,True,False,0,1,1
4012,0,True,False,0,1,1
4013,1,False,False,1,0,0
4014,0,True,False,0,1,1
4015,1,False,False,1,0,0
4016,1,False,False,1,1,0
4017,0,True,False,0,0,1
4018,1,True,False,1,1,0
4019,0,False,False,0,0,1
4020,0,False,False,0,0,1
4021,1,True,False,1,1,0
4022,0,False,False,0,0,1
4023,1,True,False,1,1,0
4024,0,False,False,0,1,1
4025,1,True,False,1,0,0
4026,0,True,False,0,0,1
4027,1,False,False,1,1,0
4028,1,True,False,1,0,0
4029,0,False,False,0,1,1
4030,0,True,False,0,0,1
4031,1,False,False,1,1,0
4032,1,True,False,1,0,0
4033,0,False,False,0,1,1
4034,0,True,False,0,0,1
4035,1,False,False,1,1,0
4036,1,True,False,1,1,0
4037,0,False,False,0,0,1
4038,0,False,False,0,1,1
4039,1,True,False,1,0,0
4040,0,True,False,0,0,1
4041,1,False,False,1,1,0
4042,0,False,False,0,0,1
4043,1,True,False,1,1,0
4044,0,False,False,0,1,1
4045,1,True,False,1,0,0
4046,0,True,False,0,1,1
4047,1,False,False,1,0,0
4048,0,True,False,0,1,1
4049,1,False,False,1,0,0
4050,1,False,False,1,1,0
4051,0,True,False,0,0,1
4052,1,True,False,1,1,0
4053,0,False,False,0,0,1
4054,0,False,False,0,0,1
4055,1,True,False,1,1,0
4056,1,True,False,1,0,0
4057,0,False,False,0,1,1
4058,0,True,False,0,1,1
4059,1,False,False,1,0,0
4060,1,False,False,1,1,0
4061,0,True,False,0,0,1
4062,1,True,False,1,0,0
4063,0,False,False,0,1,1
4064,0,True,False,0,0,1
4065,1,False,False,1,1,0
4066,1,True,False,1,1,0
4067,0,False,False,0,0,1
4068,0,False,False,0,0,1
4069,1,True,False,1,1,0
4070,1,True,False,1,0,0
4071,0,False,False,0,1,1
4072,1,False,False,1,1,0
4073,0,True,False,0,0,1
4074,1,True,False,1,1,0
4075,0,False,False,0,0,1
4076,0,False,False,0,1,1
4077,1,True,False,1,0,0
4078,0,True,False,0,1,1
4079,1,False,False,1,0,0
4080,0,True,False,0,1,1
4081,1,False,False,1,0,0
4082,0,True,False,0,1,1
4083,1,False,False,1,0,0
4084,1,False,False,1,0,0
4085,0,True,False,0,1,1
4086,1,False,False,1,0,0
4087,0,True,False,0,1,1
4088,1,False,False,1,1,0
4089,0,True,False,0,0,1
4090,1,True,False,1,0,0
4091,0,False,False,0,1,1
4092,1,False,False,1,1,0
4093,0,True,False,0,0,1
4094,1,True,False,1,0,0
4095,0,False,False,0,1,1
4096,1,False,False,1,0,0
4097,0,True,False,0,1,1
4098,0,True,False,0,1,1
4099,1,False,False,1,0,0
4100,1,False,False,1,1,0
4101,0,True,False,0,0,1
4102,1,True,False,1,0,0
4103,0,False,False,0,1,1
4104,1,False,False,1,0,0
4105,0,True,False,0,1,1
4106,0,True,False,0,1,1
4107,1,False,False,1,0,0
4108,0,True,False,0,1,1
4109,1,False,False,1,0,0
4110,0,True,False,0,1,1
4111,1,False,False,1,0,0
4112,0,True,False,0,1,1
4113,1,False,False,1,0,0
4114,1,False,False,1,0,0
4115,0,True,False,0,1,1
4116,1,False,False,1,1,0
4117,0,True,False,0,0,1
4118,0,False,False,0,1,1
4119,1,True,False,1,0,0
4120,0,True,False,0,0,1
4121,1,False,False,1,1,0
4122,1,True,False,1,1,0
4123,0,False,False,0,0,1
4124,1,True,False,1,0,0
4125,0,False,False,0,1,1
4126,1,False,False,1,1,0
4127,0,True,False,0,0,1
4128,1,True,False,1,0,0
4129,0,False,False,0,1,1
4130,1,False,False,1,0,0
4131,0,True,False,0,1,1
4132,1,False,False,1,1,0
4133,0,True,False,0,0,1
4134,0,False,False,0,0,1
4135,1,True,False,1,1,0
4136,1,True,False,1,1,0
4137,0,False,False,0,0,1
4138,1,True,False,1,1,0
4139,0,False,False,0,0,1
4140,0,False,False,0,1,1
4141,1,True,False,1,0,0
4142,0,False,False,0,1,1
4143,1,True,False,1,0,0
4144,1,False,False,1,1,0
4145,0,True,False,0,0,1
4146,0,False,False,0,1,1
4147,1,True,False,1,0,0
4148,1,False,False,1,0,0
4149,0,True,False,0,1,1
4150,1,False,False,1,1,0
4151,0,True,False,0,0,1
4152,0,False,False,0,1,1
4153,1,True,False,1,0,0
4154,0,True,False,0,0,1
4155,1,False,False,1,1,0
4156,0,False,False,0,1,1
4157,1,True,False,1,0,0
4158,0,True,False,0,1,1
4159,1,False,False,1,0,0
4160,1,False,False,1,0,0
4161,0,True,False,0,1,1
4162,1,False,False,1,0,0
4163,0,True,False,0,1,1
4164,0,True,False,0,1,1
4165,1,False,False,1,0,0
4166,0,True,False,0,0,1
4167,1,False,False,1,1,0
4168,0,False,False,0,1,1
4169,1,True,False,1,0,0
4170,1,False,False,1,1,0
4171,0,True,False,0,0,1
4172,1,True,False,1,1,0
4173,0,False,False,0,0,1
4174,0,False,False,0,1,1
4175,1,True,False,1,0,0
4176,0,True,False,0,1,1
4177,1,False,False,1,0,0
4178,1,False,False,1,1,0
4179,0,True,False,0,0,1
4180,1,True,False,1,1,0
4181,0,False,False,0,0,1
4182,1,True,False,1,0,0
4183,0,False,False,0,1,1
4184,0,True,False,0,0,1
4185,1,False,False,1,1,0
4186,0,False,False,0,0,1
4187,1,True,False,1,1,0
4188,1,True,False,1,0,0
4189,0,False,False,0,1,1
4190,0,True,False,0,1,1
4191,1,False,False,1,0,0
4192,0,True,False,0,1,1
4193,1,False,False,1,0,0
4194,1,False,False,1,0,0
4195,0,True,False,0,1,1
4196,0,True,False,0,1,1
4197,1,False,False,1,0,0
4198,1,False,False,1,0,0
4199,0,True,False,0,1,1
4200,1,False,False,1,0,0
4201,0,True,False,0,1,1
4202,0,True,False,0,0,1
4203,1,False,False,1,1,0
4204,0,False,False,0,0,1
4205,1,True,False,1,1,0
4206,1,True,False,1,1,0
4207,0,False,False,0,0,1
4208,0,False,False,0,0,1
4209,1,True,False,1,1,0
4210,0,False,False,0,0,1
4211,1,True,False,1,1,0
4212,0,False,False,0,1,1
4213,1,True,False,1,0,0
4214,0,True,False,0,1,1
4215,1,False,False,1,0,0
4216,0,True,False,0,1,1
4217,1,False,False,1,0,0
4218,0,True,False,0,0,1
4219,1,False,False,1,1,0
4220,0,False,False,0,0,1
4221,1,True,False,1,1,0
4222,1,True,False,1,1,0
4223,0,False,False,0,0,1
4224,0,False,False,0,0,1
4225,1,True,False,1,1,0
4226,0,False,False,0,0,1
4227,1,True,False,1,1,0
4228,0,False,False,0,1,1
4229,1,True,False,1,0,0
4230,0,True,False,0,0,1
4231,1,False,False,1,1,0
4232,0,False,False,0,0,1
4233,1,True,False,1,1,0
4234,0,False,False,0,1,1
4235,1,True,False,1,0,0
4236,1,False,False,1,1,0
4237,0,True,False,0,0,1
4238,0,False,False,0,1,1
4239,1,True,False,1,0,0
4240,0,True,False,0,1,1
4241,1,False,False,1,0,0
4242,1,False,False,1,0,0
4243,0,True,False,0,1,1
4244,0,True,False,0,1,1
4245,1,False,False,1,0,0
4246,1,False,False,1,0,0
4247,0,True,False,0,1,1
4248,0,True,False,0,1,1
4249,1,False,False,1,0,0
4250,0,True,False,0,1,1
4251,1,False,False,1,0,0
4252,0,True,False,0,1,1
4253,1,False,False,1,0,0
4254,1,False,False,1,1,0
4255,0,True,False,0,0,1
4256,1,True,False,1,1,0
4257,0,False,False,0,0,1
4258,0,False,False,0,1,1
4259,1,True,False,1,0,0
4260,1,False,False,1,0,0
4261,0,True,False,0,1,1
4262,1,True,False,1,0,0
4263,0,False,False,0,1,1
4264,0,True,False,0,0,1
4265,1,False,False,1,1,0
4266,1,True,False,1,1,0
4267,0,False,False,0,0,1
4268,1,True,False,1,1,0
4269,0,False,False,0,0,1
4270,0,False,False,0,0,1
4271,1,True,False,1,1,0
4272,0,False,False,0,1,1
4273,1,True,False,1,0,0
4274,0,True,False,0,0,1
4275,1,False,False,1,1,0
4276,1,True,False,1,0,0
4277,0,False,False,0,1,1
4278,1,False,False,1,0,0
4279,0,True,False,0,1,1
4280,1,False,False,1,0,0
4281,0,True,False,0,1,1
4282,1,False,False,1,1,0
4283,0,True,False,0,0,1
4284,0,False,False,0,0,1
4285,1,True,False,1,1,0
4286,0,False,False,0,1,1
4287,1,True,False,1,0,0
4288,0,True,False,0,0,1
4289,1,False,False,1,1,0
4290,1,True,False,1,1,0
4291,0,False,False,0,0,1
4292,1,True,False,1,0,0
4293,0,False,False,0,1,1
4294,0,True,False,0,1,1
4295,1,False,False,1,0,0
4296,0,True,False,0,1,1
4297,1,False,False,1,0,0
4298,1,False,False,1,1,0
4299,0,True,False,0,0,1
4300,1,True,False,1,1,0
4301,0,False,False,0,0,1
4302,0,True,False,0,1,Player
4303,0,False,False,0,1,1
4304,1,True,False,1,0,0
4305,1,False,False,1,0,0
4306,0,True,False,0,1,1
4307,0,True,False,0,0,1
4308,1,False,False,1,1,0
4309,1,True,False,1,1,0
4310,0,False,False,0,0,1
4311,1,True,False,1,0,0
4312,0,False,False,0,1,1
4313,0,True,False,0,0,1
4314,1,False,False,1,1,0
4315,0,False,False,0,1,1
4316,1,True,False,1,0,0
4317,0,True,False,0,1,1
4318,1,False,False,1,0,0
4319,0,True,False,0,0,1
4320,1,False,False,1,1,0
4321,1,True,False,1,1,0
4322,0,False,False,0,0,1
4323,1,True,False,1,1,0
4324,0,False,False,0,0,1
4325,1,True,False,1,1,0
4326,0,False,False,0,0,1
4327,1,True,False,1,1,0
4328,0,False,False,0,0,1
4329,0,False,False,0,1,1
4330,1,True,False,1,0,0
4331,1,False,False,1,1,0
4332,0,True,False,0,0,1
4333,0,False,False,0,0,1
4334,1,True,False,1,1,0
4335,1,True,False,1,0,0
4336,0,False,False,0,1,1
4337,0,True,False,0,1,1
4338,1,False,False,1,0,0
4339,1,False,False,1,0,0
4340,0,True,False,0,1,1
4341,0,True,False,0,0,1
4342,1,False,False,1,1,0
4343,0,False,False,0,1,1
4344,1,True,False,1,0,0
4345,1,False,False,1,1,0
4346,0,True,False,0,0,1
4347,1,True,False,1,1,0
4348,0,False,False,0,0,1
4349,0,False,False,0,1,1
4350,1,True,False,1,0,0
4351,0,True,False,0,0,1
4352,1,False,False,1,1,0
4353,1,True,False,1,0,0
4354,0,False,False,0,1,1
4355,1,False,False,1,0,0
4356,0,True,False,0,1,1
4357,1,False,False,1,0,0
4358,0,True,False,0,1,1
4359,1,False,False,1,0,0
4360,0,True,False,0,1,1
4361,1,False,False,1,1,0
4362,0,True,False,0,0,1
4363,1,True,False,1,1,0
4364,0,False,False,0,0,1
4365,0,False,False,0,0,1
4366,1,True,False,1,1,0
4367,1,True,False,1,0,0
4368,0,False,False,0,1,1
4369,1,False,False,1,1,0
4370,0,True,False,0,0,1
4371,0,False,False,0,1,1
4372,1,True,False,1,0,0
4373,1,False,False,1,0,0
4374,0,True,False,0,1,1
4375,0,True,False,0,1,1
4376,1,False,False,1,0,0
4377,1,False,False,1,1,0
4378,0,True,False,0,0,1
4379,1,True,False,1,0,0
4380,0,False,False,0,1,1
4381,0,True,False,0,1,1
4382,1,False,False,1,0,0
4383,0,False,False,0,0,1
4384,1,True,False,1,1,0
4385,1,True,False,1,1,0
4386,0,False,False,0,0,1
4387,1,True,False,1,0,0
4388,0,False,False,0,1,1
4389,1,False,False,1,1,0
4390,0,True,False,0,0,1
4391,1,True,False,1,0,0
4392,0,False,False,0,1,1
4393,1,False,False,1,1,0
4394,0,True,False,0,0,1
4395,1,True,False,1,1,0
4396,0,False,False,0,0,1
4397,1,True,False,1,0,0
4398,0,False,False,0,1,1
4399,1,False,False,1,1,0
4400,0,True,False,0,0,1
4401,0,False,False,0,0,1
4402,1,True,False,1,1,0
4403,1,True,False,1,1,0
4404,0,False,False,0,0,1
4405,0,False,False,0,1,1
4406,1,True,False,1,0,0
4407,1,False,False,1,1,0
4408,0,True,False,0,0,1
4409,1,True,False,1,1,0
4410,0,False,False,0,0,1
4411,1,True,False,1,1,0
4412,0,False,False,0,0,1
4413,0,False,False,0,1,1
4414,1,True,False,1,0,0
4415,0,True,False,0,0,1
4416,1,False,False,1,1,0
4417,0,False,False,0,1,1
4418,1,True,False,1,0,0
4419,1,False,False,1,1,0
4420,0,True,False,0,0,1
4421,1,True,False,1,0,0
4422,0,False,False,0,1,1
4423,1,True,False,1,1,0
4424,0,False,False,0,0,1
4425,1,True,False,1,1,0
4426,0,False,False,0,0,1
4427,1,True,False,1,1,0
4428,0,False,False,0,0,1
4429,1,True,False,1,0,0
4430,0,False,False,0,1,1
4431,1,False,False,1,0,0
4432,0,True,False,0,1,1
4433,0,True,False,0,0,1
4434,1,False,False,1,1,0
4435,0,False,False,0,0,1
4436,1,True,False,1,1,0
4437,1,True,False,1,0,0
4438,0,False,False,0,1,1
4439,0,True,False,0,1,1
4440,1,False,False,1,0,0
4441,1,False,False,1,0,0
4442,0,True,False,0,1,1
4443,1,True,False,1,0,0
4444,0,False,False,0,1,1
4445,0,True,False,0,1,1
4446,1,False,False,1,0,0
4447,1,False,False,1,0,0
4448,0,True,False,0,1,1
4449,1,False,False,1,1,0
4450,0,True,False,0,0,1
4451,1,True,False,1,1,0
4452,0,False,False,0,0,1
4453,1,True,False,1,0,0
4454,0,False,False,0,1,1
4455,1,False,False,1,1,0
4456,0,True,False,0,0,1
4457,0,False,False,0,1,1
4458,1,True,False,1,0,0
4459,1,False,False,1,1,0
4460,0,True,False,0,0,1
4461,1,True,False,1,1,0
4462,0,False,False,0,0,1
4463,0,False,False,0,0,1
4464,1,True,False,1,1,0
4465,0,False,False,0,0,AI_Random1
4466,0,False,False,0,0,AI_Random1
4467,0,False,False,0,0,AI_Random1
4468,0,False,False,0,1,AI_Random1
4469,0,False,False,0,1,AI_Random1
4470,0,False,False,0,0,AI_Random1
4471,0,False,False,0,1,AI_Random1
4472,0,False,False,0,1,AI_Random1
4473,0,False,False,0,1,AI_Random1
4474,0,False,False,0,1,AI_Random1
4475,0,False,False,0,0,AI_Random1
4476,0,False,False,0,1,AI_Random1
4477,0,False,False,0,1,AI_Random1
4478,0,False,False,0,0,AI_Random1
4479,0,False,False,0,1,AI_Random1
4480,0,False,False,0,1,AI_Random1
4481,0,False,False,0,0,1
4482,0,False,False,0,1,1
4483,0,False,False,0,1,1
4484,0,False,False,0,1,1
4485,0,False,False,0,1,1
4486,0,False,False,0,1,1
4487,0,False,False,0,1,1
4488,0,False,False,0,1,1
4489,0,False,False,0,1,1
4490,0,False,False,0,1,1
4491,0,False,False,0,0,1
4492,0,False,False,0,0,1
4493,0,False,False,0,1,1
4494,0,False,False,0,1,1
4495,0,False,False,0,1,1
4496,0,False,False,0,1,1
4497,0,False,False,0,1,1
4498,0,False,False,0,1,1
4499,0,False,False,0,1,1
4500,0,False,False,0,1,1
4501,0,False,False,0,1,1
4502,0,False,False,0,1,1
4503,0,False,False,0,1,1
4504,0,False,False,0,1,1
4505,0,False,False,0,1,1
4506,0,False,False,0,1,1
4507,0,False,False,0,1,1
4508,0,False,False,0,1,1
4509,0,False,False,0,1,1
4510,0,False,False,0,1,1
4511,0,False,False,0,1,1
4512,0,False,False,0,1,1
4513,0,False,False,0,1,1
4514,0,False,False,0,1,1
4515,0,False,False,0,1,1
4516,0,False,False,0,1,1
4517,0,False,False,0,1,1
4518,0,False,False,0,1,1
4519,0,False,False,0,1,1
4520,0,False,False,0,1,1
4521,0,False,False,0,1,1
4522,0,False,False,0,1,1
4523,0,False,False,0,1,1
4524,0,False,False,0,1,1
4525,0,False,False,0,1,1
4526,0,False,False,0,1,1
4527,0,False,False,0,1,1
4528,0,False,False,0,1,1
4529,0,False,False,0,1,1
4530,0,False,False,0,1,1
4531,0,False,False,0,1,1
4532,0,False,False,0,1,1
4533,0,False,False,0,1,1
4534,0,False,False,0,1,1
4535,0,False,False,0,1,1
4536,0,False,False,0,1,1
4537,0,False,False,0,1,1
4538,0,False,False,0,1,1
4539,0,False,False,0,1,1
4540,0,False,False,0,1,1
4541,0,False,False,0,1,1
4542,0,False,False,0,1,1
4543,0,False,False,0,1,1
4544,0,False,False,0,1,1
4545,0,False,False,0,1,1
4546,0,False,False,0,1,1
4547,0,False,False,0,1,1
4548,0,False,False,0,1,1
4549,0,False,False,0,1,1
4550,0,False,False,0,1,1
4551,0,False,False,0,1,1
4552,0,False,False,0,1,1
4553,0,False,False,0,1,1
4554,0,False,False,0,1,1
4555,0,False,False,0,1,1
4556,0,False,False,0,0,1
4557,0,False,False,0,0,1
4558,0,False,False,0,1,1
4559,0,False,False,0,0,1
4560,0,False,False,0,1,1
4561,0,False,False,0,0,1
4562,0,False,False,0,0,1
4563,0,False,False,0,0,1
4564,0,False,False,0,1,1
4565,0,False,False,0,0,1
4566,0,False,False,0,0,1
4567,0,False,False,0,1,1
4568,0,False,False,0,0,1
4569,0,False,False,0,0,1
4570,0,False,False,0,0,1
4571,0,False,False,0,0,1
4572,0,False,False,0,0,1
4573,0,False,False,0,0,1
4574,0,False,False,0,0,1
4575,0,False,False,0,0,1
4576,0,False,False,0,0,1
4577,0,False,False,0,0,1
4578,0,False,False,0,1,1
4579,0,False,False,0,1,1
4580,0,False,False,0,0,1
4581,0,False,False,0,0,1
4582,0,False,False,0,0,1
4583,0,False,False,0,0,1
4584,0,False,False,0,0,1
4585,0,False,False,0,0,1
4586,0,False,False,0,0,1
4587,0,False,False,0,0,1
4588,0,False,False,0,0,1
4589,0,False,False,0,0,1
4590,0,False,False,0,0,1
4591,0,False,False,0,1,1
4592,0,False,False,0,0,1
4593,0,False,False,0,1,1
4594,0,False,False,0,0,1
4595,0,False,False,0,1,1
4596,0,False,False,0,0,1
4597,0,False,False,0,0,1
4598,0,False,False,0,0,1
4599,0,False,False,0,1,1
4600,0,False,False,0,0,1
4601,0,False,False,0,1,1
4602,0,False,False,0,0,1
4603,0,False,False,0,0,1
4604,0,False,False,0,0,1
4605,0,False,False,0,0,1
4606,0,False,False,0,0,1
4607,0,False,False,0,1,1
4608,0,False,False,0,0,1
4609,0,False,False,0,1,1
4610,0,False,False,0,1,1
4611,0,False,False,0,1,1
4612,0,False,False,0,1,1
4613,0,False,False,0,0,1
4614,0,False,False,0,0,1
4615,0,False,False,0,1,1
4616,0,False,False,0,0,1
4617,0,False,False,0,1,1
4618,0,False,False,0,0,1
4619,0,False,False,0,1,1
4620,0,False,False,0,0,1
4621,0,False,False,0,1,1
4622,0,False,False,0,1,1
4623,0,False,False,0,1,1
4624,0,False,False,0,0,1
4625,0,False,False,0,1,1
4626,0,False,False,0,0,1
4627,0,False,False,0,1,1
4628,0,False,False,0,0,1
4629,0,False,False,0,0,1
4630,0,False,False,0,0,1
4631,0,False,False,0,0,1
4632,0,False,False,0,0,1
4633,0,False,False,0,0,1
4634,0,False,False,0,0,1
4635,0,False,False,0,1,1
4636,0,False,False,0,0,1
4637,0,False,False,0,1,1
4638,0,False,False,0,0,1
4639,0,False,False,0,0,1
4640,0,False,False,0,1,1
4641,0,False,False,0,0,1
4642,0,False,False,0,0,1
4643,0,False,False,0,1,1
4644,0,False,False,0,1,1
4645,0,False,False,0,1,1
4646,0,False,False,0,0,1
4647,0,False,False,0,0,1
4648,0,False,False,0,1,1
4649,0,False,False,0,1,1
4650,0,False,False,0,0,1
4651,0,False,False,0,0,1
4652,0,False,False,0,1,1
4653,0,False,False,0,0,1
4654,0,False,False,0,1,1
4655,0,False,False,0,0,1
4656,0,False,False,0,1,1
4657,0,False,False,0,0,1
4658,0,False,False,0,0,1
4659,0,False,False,0,0,1
4660,0,False,False,0,1,1
4661,0,False,False,0,0,1
4662,0,False,False,0,1,1
4663,0,False,False,0,0,1
4664,0,False,False,0,0,1
4665,0,False,False,0,0,AI_Random1
4666,0,False,False,0,0,AI_Random1
4667,0,False,False,0,1,1
4668,0,False,False,0,1,1
4669,0,False,False,0,1,1
4670,0,False,False,0,1,1
4671,0,False,False,0,1,1
4672,0,False,False,0,1,1
4673,0,False,False,0,1,1
4674,0,False,False,0,1,1
4675,0,False,False,0,1,1
4676,0,False,False,0,1,1
4677,0,False,False,0,1,1
4678,0,False,False,0,1,1
4679,0,False,False,0,1,1
4680,0,False,False,0,1,1
4681,0,False,False,0,1,1
4682,0,False,False,0,1,1
4683,0,False,False,0,1,1
4684,0,False,False,0,1,1
4685,0,False,False,0,1,1
4686,0,False,False,0,1,1
4687,0,False,False,0,1,1
4688,0,False,False,0,1,1
4689,0,False,False,0,0,1
4690,0,False,False,0,0,1
4691,0,False,False,0,1,1
4692,0,False,False,0,1,1
4693,0,False,False,0,1,1
4694,0,False,False,0,0,1
4695,0,False,False,0,0,1
4696,0,False,False,0,0,1
4697,0,False,False,0,0,1
4698,0,False,False,0,0,1
4699,0,False,False,0,0,1
4700,0,False,False,0,0,1
4701,0,False,False,0,0,1
4702,0,False,False,0,0,1
4703,0,False,False,0,0,1
4704,0,False,False,0,0,1
4705,0,False,False,0,0,1
4706,0,False,False,0,0,1
4707,0,False,False,0,0,1
4708,0,False,False,0,0,1
4709,0,False,False,0,1,1
4710,0,False,False,0,1,1
4711,0,False,False,0,0,1
4712,0,False,False,0,0,1
4713,0,False,False,0,0,1
4714,0,False,False,0,0,1
4715,0,False,False,0,0,1
4716,0,False,False,0,0,1
4717,0,False,False,0,0,1
4718,0,False,False,0,0,1
4719,0,False,False,0,0,1
4720,0,False,False,0,0,1
4721,0,False,False,0,1,1
4722,0,False,False,0,0,1
4723,0,False,False,0,0,1
4724,0,False,False,0,0,1
4725,0,False,False,0,0,1
4726,0,False,False,0,0,1
4727,0,False,False,0,0,1
4728,0,False,False,0,0,1
4729,0,False,False,0,0,1
4730,0,False,False,0,0,1
4731,0,False,False,0,0,1
4732,0,False,False,0,0,1
4733,0,False,False,0,1,1
4734,0,False,False,0,1,1
4735,0,False,False,0,1,1
4736,0,False,False,0,1,1
4737,0,False,False,0,0,1
4738,0,False,False,0,0,1
4739,0,False,False,0,0,1
4740,0,False,False,0,0,1
4741,0,False,False,0,1,1
4742,0,False,False,0,0,1
4743,0,False,False,0,0,1
4744,0,False,False,0,0,1
4745,0,False,False,0,1,1
4746,0,False,False,0,0,1
4747,0,False,False,0,0,1
4748,0,False,False,0,0,1
4749,0,False,False,0,0,1
4750,0,False,False,0,0,1
4751,0,False,False,0,0,1
4752,0,False,False,0,0,1
4753,0,False,False,0,0,1
4754,0,False,False,0,0,1
4755,0,False,False,0,0,1
4756,0,False,False,0,1,1
4757,0,False,False,0,0,1
4758,0,False,False,0,0,1
4759,0,False,False,0,0,1
4760,0,False,False,0,1,1
4761,0,False,False,0,0,1
4762,0,False,False,0,1,1
4763,0,False,False,0,0,1
4764,0,False,False,0,0,1
4765,0,False,False,0,0,1
4766,0,False,False,0,0,1
4767,0,False,False,0,1,1
4768,0,False,False,0,0,1
4769,0,False,False,0,0,1
4770,0,False,False,0,1,1
4771,0,False,False,0,1,1
4772,0,False,False,0,0,1
4773,0,False,False,0,0,1
4774,0,False,False,0,0,1
4775,0,False,False,0,0,1
4776,0,False,False,0,0,1
4777,0,False,False,0,0,1
4778,0,False,False,0,0,1
4779,0,False,False,0,0,1
4780,0,False,False,0,1,1
4781,0,False,False,0,0,1
4782,0,False,False,0,0,1
4783,0,False,False,0,0,1
4784,0,False,False,0,0,1
4785,0,False,False,0,0,1
4786,0,False,False,0,1,1
4787,0,False,False,0,0,1
4788,0,False,False,0,1,1
4789,0,False,False,0,0,1
4790,0,False,False,0,0,1
4791,0,False,False,0,1,1
4792,0,False,False,0,0,1
4793,0,False,False,0,0,1
4794,0,False,False,0,0,1
4795,0,False,False,0,0,1
4796,0,False,False,0,0,1
4797,0,False,False,0,0,1
4798,0,False,False,0,0,1
4799,0,False,False,0,0,1
4800,0,False,False,0,0,1
4801,0,False,False,0,0,1
4802,0,False,False,0,0,1
4803,0,False,False,0,1,1
4804,0,False,False,0,0,1
4805,0,False,False,0,0,1
4806,0,False,False,0,0,1
4807,0,False,False,0,0,1
4808,0,False,False,0,1,1
4809,0,False,False,0,0,1
4810,0,False,False,0,0,1
4811,0,False,False,0,1,1
4812,0,False,False,0,0,1
4813,0,False,False,0,0,1
4814,0,False,False,0,0,1
4815,0,False,False,0,1,1
4816,0,False,False,0,1,1
4817,0,False,False,0,0,1
4818,0,False,False,0,1,1
4819,0,False,False,0,1,1
4820,0,False,False,0,1,1
4821,0,False,False,0,1,1
4822,0,False,False,0,1,1
4823,0,False,False,0,1,1
4824,0,False,False,0,1,1
4825,0,False,False,0,0,1
4826,0,False,False,0,1,1
4827,0,False,False,0,1,1
4828,0,False,False,0,1,1
4829,0,False,False,0,1,1
4830,0,False,False,0,1,1
4831,0,False,False,0,0,1
4832,0,False,False,0,1,1
4833,0,False,False,0,0,1
4834,0,False,False,0,1,1
4835,0,False,False,0,0,1
4836,0,False,False,0,1,1
4837,0,False,False,0,1,1
4838,0,False,False,0,0,1
4839,0,False,False,0,0,1
4840,0,False,False,0,0,1
4841,0,False,False,0,0,1
4842,0,False,False,0,0,1
4843,0,False,False,0,0,1
4844,0,False,False,0,0,1
4845,0,False,False,0,0,1
4846,0,False,False,0,0,1
4847,0,False,False,0,0,1
4848,0,False,False,0,1,1
4849,0,False,False,0,0,1
4850,0,False,False,0,0,1
4851,0,False,False,0,0,1
4852,0,False,False,0,1,1
4853,0,False,False,0,1,1
4854,0,False,False,0,0,1
4855,0,False,False,0,0,1
4856,0,False,False,0,0,1
4857,0,False,False,0,1,1
4858,0,False,False,0,0,1
4859,0,False,False,0,1,1
4860,0,False,False,0,0,1
4861,0,False,False,0,1,1
4862,0,False,False,0,0,1
4863,0,False,False,0,1,1
4864,0,False,False,0,1,1
4865,0,False,False,0,0,1
4866,0,False,False,0,0,1
4867,0,False,False,0,1,1
4868,0,False,False,0,1,1
4869,0,False,False,0,0,1
4870,0,False,False,0,1,1
4871,0,False,False,0,0,1
4872,0,False,False,0,1,1
4873,0,False,False,0,0,1
4874,0,False,False,0,0,1
4875,0,False,False,0,0,1
4876,0,False,False,0,1,1
4877,0,False,False,0,1,1
4878,0,False,False,0,0,1
4879,0,False,False,0,0,1
4880,0,False,False,0,1,1
4881,0,False,False,0,0,1
4882,0,False,False,0,0,1
4883,0,False,False,0,0,1
4884,0,False,False,0,0,1
4885,0,False,False,0,0,1
4886,0,False,False,0,0,1
4887,0,False,False,0,0,1
4888,0,False,False,0,0,1
4889,0,False,False,0,0,1
4890,0,False,False,0,0,1
4891,0,False,False,0,0,1
4892,0,False,False,0,0,1
4893,0,False,False,0,0,1
4894,0,False,False,0,0,1
4895,0,False,False,0,0,1
4896,0,False,False,0,0,1
4897,0,False,False,0,0,1
4898,0,False,False,0,0,1
4899,0,False,False,0,1,1
4900,0,False,False,0,1,1
4901,0,False,False,0,0,1
4902,0,False,False,0,0,1
4903,0,False,False,0,1,1
4904,0,False,False,0,0,1
4905,0,False,False,0,0,1
4906,0,False,False,0,0,1
4907,0,False,False,0,0,1
4908,0,False,False,0,0,1
4909,0,False,False,0,0,1
4910,0,False,False,0,0,1
4911,0,False,False,0,0,1
4912,0,False,False,0,0,1
4913,0,False,False,0,1,1
4914,0,False,False,0,0,1
4915,0,False,False,0,0,1
4916,0,False,False,0,0,1
4917,0,False,False,0,1,1
4918,0,False,False,0,0,1
4919,0,False,False,0,1,1
4920,0,False,False,0,1,1
4921,0,False,False,0,1,1
4922,0,False,False,0,0,1
4923,0,False,False,0,0,1
4924,0,False,False,0,1,1
4925,0,False,False,0,0,1
4926,0,False,False,0,1,1
4927,0,False,False,0,1,1
4928,0,False,False,0,1,1
4929,0,False,False,0,1,1
4930,0,False,False,0,0,1
4931,0,False,False,0,1,1
4932,0,False,False,0,1,1
4933,0,False,False,0,1,1
4934,0,False,False,0,0,1
4935,0,False,False,0,0,1
4936,0,False,False,0,0,1
4937,0,False,False,0,1,1
4938,0,False,False,0,0,1
4939,0,False,False,0,0,1
4940,0,False,False,0,0,1
4941,0,False,False,0,1,1
4942,0,False,False,0,0,1
4943,0,False,False,0,0,1
4944,0,False,False,0,0,1
4945,0,False,False,0,1,1
4946,0,False,False,0,0,1
4947,0,False,False,0,1,1
4948,0,False,False,0,0,1
4949,0,False,False,0,0,1
4950,0,False,False,0,0,1
4951,0,False,False,0,1,1
4952,0,False,False,0,0,1
4953,0,False,False,0,1,1
4954,0,False,False,0,0,1
4955,0,False,False,0,0,1
4956,0,False,False,0,1,1
4957,0,False,False,0,0,1
4958,0,False,False,0,0,1
4959,0,False,False,0,1,1
4960,0,False,False,0,0,1
4961,0,False,False,0,0,1
4962,0,False,False,0,0,1
4963,0,False,False,0,1,1
4964,0,False,False,0,0,1
4965,0,False,False,0,0,1
4966,0,False,False,0,1,1
4967,0,False,False,0,0,1
4968,0,False,False,0,0,1
4969,0,False,False,0,0,1
4970,0,False,False,0,1,1
4971,0,False,False,0,1,1
4972,0,False,False,0,0,1
4973,0,False,False,0,0,1
4974,0,False,False,0,0,1
4975,0,False,False,0,0,1
4976,0,False,False,0,1,1
4977,0,False,False,0,0,1
4978,0,False,False,0,0,1
4979,0,False,False,0,0,1
4980,0,False,False,0,0,1
4981,0,False,False,0,0,1
4982,0,False,False,0,0,1
4983,0,False,False,0,0,1
4984,0,False,False,0,0,1
4985,0,False,False,0,0,1
4986,0,False,False,0,0,1
4987,0,False,False,0,0,1
4988,0,False,False,0,0,1
4989,0,False,False,0,1,1
4990,0,False,False,0,0,1
4991,0,False,False,0,0,1
4992,0,False,False,0,0,1
4993,0,False,False,0,0,1
4994,0,False,False,0,0,1
4995,0,False,False,0,0,1
4996,0,False,False,0,0,1
4997,0,False,False,0,0,1
4998,0,False,False,0,0,1
4999,0,False,False,0,0,1
5000,0,False,False,0,0,1
5001,0,False,False,0,0,1
5002,0,False,False,0,0,1
5003,0,False,False,0,0,1
5004,0,False,False,0,0,1
5005,0,False,False,0,1,1
5006,0,False,False,0,0,1
5007,0,False,False,0,0,1
5008,0,False,False,0,0,1
5009,0,False,False,0,0,1
5010,0,False,False,0,0,1
5011,0,False,False,0,0,1
5012,0,False,False,0,0,1
5013,0,False,False,0,0,1
5014,0,False,False,0,0,1
5015,0,False,False,0,0,1
5016,0,False,False,0,0,1
5017,0,False,False,0,1,1
5018,0,False,False,0,1,1
5019,0,False,False,0,1,1
5020,0,False,False,0,1,1
5021,0,False,False,0,1,1
5022,0,False,False,0,1,1
5023,0,False,False,0,1,1
5024,0,False,False,0,1,1
5025,0,False,False,0,1,1
5026,0,False,False,0,1,1
5027,0,False,False,0,1,1
5028,0,False,False,0,1,1
5029,0,False,False,0,1,1
5030,0,False,False,0,1,1
5031,0,False,False,0,1,1
5032,0,False,False,0,1,1
5033,0,False,False,0,1,1
5034,0,False,False,0,1,1
5035,0,False,False,0,1,1
5036,0,False,False,0,1,1
5037,0,False,False,0,1,1
5038,0,False,False,0,1,1
5039,0,False,False,0,1,1
5040,0,False,False,0,1,1
5041,0,False,False,0,1,1
5042,0,False,False,0,1,1
5043,0,False,False,0,1,1
5044,0,False,False,0,1,1
5045,0,False,False,0,1,1
5046,0,False,False,0,1,1
5047,0,False,False,0,1,1
5048,0,False,False,0,1,1
5049,0,False,False,0,1,1
5050,0,False,False,0,1,1
5051,0,False,False,0,1,1
5052,0,False,False,0,1,1
5053,0,False,False,0,1,1
5054,0,False,False,0,1,1
5055,0,False,False,0,1,1
5056,0,False,False,0,1,1
5057,0,False,False,0,1,1
5058,0,False,False,0,1,1
5059,0,False,False,0,1,1
5060,0,False,False,0,1,1
5061,0,False,False,0,1,1
5062,0,False,False,0,1,1
5063,0,False,False,0,1,1
5064,0,False,False,0,1,1
5065,0,False,False,0,1,1
5066,0,False,False,0,1,1
5067,0,False,False,0,1,1
5068,0,False,False,0,1,1
5069,0,False,False,0,1,1
5070,0,False,False,0,1,1
5071,0,False,False,0,1,1
5072,0,False,False,0,1,1
5073,0,False,False,0,1,1
5074,0,False,False,0,1,1
5075,0,False,False,0,1,1
5076,0,False,False,0,1,1
5077,0,False,False,0,1,1
5078,0,False,False,0,1,1
5079,0,False,False,0,1,1
5080,0,False,False,0,1,1
5081,0,False,False,0,1,1
5082,0,False,False,0,1,1
5083,0,False,False,0,1,1
5084,0,False,False,0,1,1
5085,0,False,False,0,1,1
5086,0,False,False,0,1,1
5087,0,False,False,0,1,1
5088,0,False,False,0,1,1
5089,0,False,False,0,1,1
5090,0,False,False,0,1,1
5091,0,False,False,0,1,1
5092,0,False,False,0,1,1
5093,0,False,False,0,1,1
5094,0,False,False,0,1,1
5095,0,False,False,0,1,1
5096,0,False,False,0,1,1
5097,0,False,False,0,1,1
5098,0,False,False,0,1,1
5099,0,False,False,0,1,1
5100,0,False,False,0,1,1
5101,0,False,False,0,1,1
5102,0,False,False,0,1,1
5103,0,False,False,0,1,1
5104,0,False,False,0,1,1
5105,0,False,False,0,1,1
5106,0,False,False,0,1,1
5107,0,False,False,0,1,1
5108,0,False,False,0,1,1
5109,0,False,False,0,1,1
5110,0,False,False,0,1,1
5111,0,False,False,0,1,1
5112,0,False,False,0,1,1
5113,0,False,False,0,1,1
5114,0,False,False,0,1,1
5115,0,False,False,0,1,1
5116,0,False,False,0,1,1
5117,0,False,False,0,0,1
5118,0,False,False,0,0,1
5119,0,False,False,0,0,1
5120,0,False,False,0,1,1
5121,0,False,False,0,0,1
5122,0,False,False,0,0,1
5123,0,False,False,0,0,1
5124,0,False,False,0,0,1
5125,0,False,False,0,0,1
5126,0,False,False,0,0,1
5127,0,False,False,0,0,1
5128,0,False,False,0,1,1
5129,0,False,False,0,0,1
5130,0,False,False,0,0,1
5131,0,False,False,0,0,1
5132,0,False,False,0,0,1
5133,0,False,False,0,0,1
5134,0,False,False,0,0,1
5135,0,False,False,0,0,1
5136,0,False,False,0,1,1
5137,0,False,False,0,0,1
5138,0,False,False,0,0,1
5139,0,False,False,0,0,1
5140,0,False,False,0,0,1
5141,0,False,False,0,1,1
5142,0,False,False,0,1,1
5143,0,False,False,0,0,1
5144,0,False,False,0,0,1
5145,0,False,False,0,0,1
5146,0,False,False,0,0,1
5147,0,False,False,0,1,1
5148,0,False,False,0,1,1
5149,0,False,False,0,0,1
5150,0,False,False,0,1,1
5151,0,False,False,0,1,1
5152,0,False,False,0,0,1
5153,0,False,False,0,0,1
5154,0,False,False,0,0,1
5155,0,False,False,0,0,1
5156,0,False,False,0,0,1
5157,0,False,False,0,0,1
5158,0,False,False,0,1,1
5159,0,False,False,0,0,1
5160,0,False,False,0,0,1
5161,0,False,False,0,1,1
5162,0,False,False,0,1,1
5163,0,False,False,0,1,1
5164,0,False,False,0,0,1
5165,0,False,False,0,0,1
5166,0,False,False,0,0,1
5167,0,False,False,0,0,1
5168,0,False,False,0,1,1
5169,0,False,False,0,0,1
5170,0,False,False,0,0,1
5171,0,False,False,0,0,1
5172,0,False,False,0,0,1
5173,0,False,False,0,0,1
5174,0,False,False,0,0,1
5175,0,False,False,0,0,1
5176,0,False,False,0,0,1
5177,0,False,False,0,0,1
5178,0,False,False,0,0,1
5179,0,False,False,0,0,1
5180,0,False,False,0,0,1
5181,0,False,False,0,0,1
5182,0,False,False,0,0,1
5183,0,False,False,0,0,1
5184,0,False,False,0,1,1
5185,0,False,False,0,1,1
5186,0,False,False,0,1,1
5187,0,False,False,0,1,1
5188,0,False,False,0,1,1
5189,0,False,False,0,1,1
5190,0,False,False,0,1,1
5191,0,False,False,0,1,1
5192,0,False,False,0,1,1
5193,0,False,False,0,1,1
5194,0,False,False,0,1,1
5195,0,False,False,0,1,1
5196,0,False,False,0,1,1
5197,0,False,False,0,1,1
5198,0,False,False,0,1,1
5199,0,False,False,0,1,1
5200,0,False,False,0,1,1
5201,0,False,False,0,1,1
5202,0,False,False,0,1,1
5203,0,False,False,0,1,1
5204,0,False,False,0,1,1
5205,0,False,False,0,1,1
5206,0,False,False,0,1,1
5207,0,False,False,0,1,1
5208,0,False,False,0,1,1
5209,0,False,False,0,1,1
5210,0,False,False,0,1,1
5211,0,False,False,0,1,1
5212,0,False,False,0,1,1
5213,0,False,False,0,1,1
5214,0,False,False,0,1,1
5215,0,False,False,0,1,1
5216,0,False,False,0,1,1
5217,0,False,False,0,1,1
5218,0,False,False,0,1,1
5219,0,False,False,0,1,1
5220,0,False,False,0,1,1
5221,0,False,False,0,1,1
5222,0,False,False,0,1,1
5223,0,False,False,0,1,1
5224,0,False,False,0,1,1
5225,0,False,False,0,1,1
5226,0,False,False,0,1,1
5227,0,False,False,0,1,1
5228,0,False,False,0,1,1
5229,0,False,False,0,1,1
5230,0,False,False,0,1,1
5231,0,False,False,0,1,1
5232,0,False,False,0,1,1
5233,0,False,False,0,1,1
5234,0,False,False,0,1,1
5235,0,False,False,0,1,1
5236,0,False,False,0,1,1
5237,0,False,False,0,1,1
5238,0,False,False,0,1,1
5239,0,False,False,0,1,1
5240,0,False,False,0,1,1
5241,0,False,False,0,1,1
5242,0,False,False,0,1,1
5243,0,False,False,0,1,1
5244,0,False,False,0,1,1
5245,0,False,False,0,1,1
5246,0,False,False,0,1,1
5247,0,False,False,0,1,1
5248,0,False,False,0,1,1
5249,0,False,False,0,1,1
5250,0,False,False,0,1,1
5251,0,False,False,0,1,1
5252,0,False,False,0,1,1
5253,0,False,False,0,1,1
5254,0,False,False,0,1,1
5255,0,False,False,0,1,1
5256,0,False,False,0,1,1
5257,0,False,False,0,1,1
5258,0,False,False,0,1,1
5259,0,False,False,0,1,1
5260,0,False,False,0,1,1
5261,0,False,False,0,1,1
5262,0,False,False,0,1,1
5263,0,False,False,0,1,1
5264,0,False,False,0,1,1
5265,0,False,False,0,1,1
5266,0,False,False,0,1,1
5267,0,False,False,0,1,1
5268,0,False,False,0,1,1
5269,0,False,False,0,1,1
5270,0,False,False,0,1,1
5271,0,False,False,0,1,1
5272,0,False,False,0,1,1
5273,0,False,False,0,1,1
5274,0,False,False,0,1,1
5275,0,False,False,0,1,1
5276,0,False,False,0,1,1
5277,0,False,False,0,1,1
5278,0,False,False,0,1,1
5279,0,False,False,0,1,1
5280,0,False,False,0,1,1
5281,0,False,False,0,1,1
5282,0,False,False,0,1,1
5283,0,False,False,0,1,1
5284,0,False,False,0,1,1
5285,0,False,False,0,0,1
5286,0,False,False,0,1,1
5287,0,False,False,0,0,1
5288,0,False,False,0,1,1
5289,0,False,False,0,1,1
5290,0,False,False,0,1,1
5291,0,False,False,0,1,1
5292,0,False,False,0,1,1
5293,0,False,False,0,0,1
5294,0,False,False,0,1,1
5295,0,False,False,0,0,1
5296,0,False,False,0,0,1
5297,0,False,False,0,0,1
5298,0,False,False,0,1,1
5299,0,False,False,0,1,1
5300,0,False,False,0,1,1
5301,0,False,False,0,0,1
5302,0,False,False,0,0,1
5303,0,False,False,0,0,1
5304,0,False,False,0,0,1
5305,0,False,False,0,0,1
5306,0,False,False,0,0,1
5307,0,False,False,0,0,1
5308,0,False,False,0,0,1
5309,0,False,False,0,0,1
5310,0,False,False,0,1,1
5311,0,False,False,0,0,1
5312,0,False,False,0,0,1
5313,0,False,False,0,1,1
5314,0,False,False,0,1,1
5315,0,False,False,0,1,1
5316,0,False,False,0,1,1
5317,0,False,False,0,0,1
5318,0,False,False,0,0,1
5319,0,False,False,0,1,1
5320,0,False,False,0,0,1
5321,0,False,False,0,0,1
5322,0,False,False,0,0,1
5323,0,False,False,0,1,1
5324,0,False,False,0,0,1
5325,0,False,False,0,0,1
5326,0,False,False,0,1,1
5327,0,False,False,0,0,1
5328,0,False,False,0,0,1
5329,0,False,False,0,0,1
5330,0,False,False,0,0,1
5331,0,False,False,0,0,1
5332,0,False,False,0,0,1
5333,0,False,False,0,1,1
5334,0,False,False,0,1,1
5335,0,False,False,0,0,1
5336,0,False,False,0,0,1
5337,0,False,False,0,0,1
5338,0,False,False,0,0,1
5339,0,False,False,0,0,1
5340,0,False,False,0,0,1
5341,0,False,False,0,1,1
5342,0,False,False,0,1,1
5343,0,False,False,0,1,1
5344,0,False,False,0,1,1
5345,0,False,False,0,1,1
5346,0,False,False,0,0,1
5347,0,False,False,0,1,1
5348,0,False,False,0,1,1
5349,0,False,False,0,0,1
5350,0,False,False,0,1,1
5351,0,False,False,0,0,1
5352,0,False,False,0,1,1
5353,0,False,False,0,1,1
5354,0,False,False,0,1,1
5355,0,False,False,0,1,1
5356,0,False,False,0,0,1
5357,0,False,False,0,1,1
5358,0,False,False,0,1,1
5359,0,False,False,0,1,1
5360,0,False,False,0,0,1
5361,0,False,False,0,0,1
5362,0,False,False,0,1,1
5363,0,False,False,0,0,1
5364,0,False,False,0,0,1
5365,0,False,False,0,0,1
5366,0,False,False,0,0,1
5367,0,False,False,0,0,1
5368,0,False,False,0,0,1
5369,0,False,False,0,0,1
5370,0,False,False,0,0,1
5371,0,False,False,0,0,1
5372,0,False,False,0,0,1
5373,0,False,False,0,1,1
5374,0,False,False,0,1,1
5375,0,False,False,0,0,1
5376,0,False,False,0,1,1
5377,0,False,False,0,1,1
5378,0,False,False,0,0,1
5379,0,False,False,0,0,1
5380,0,False,False,0,0,1
5381,0,False,False,0,0,1
5382,0,False,False,0,0,1
5383,0,False,False,0,1,1
5384,0,False,False,0,0,1
5385,0,False,False,0,1,1
5386,0,False,False,0,1,1
5387,0,False,False,0,0,1
5388,0,False,False,0,0,1
5389,0,False,False,0,0,1
5390,0,False,False,0,0,1
5391,0,False,False,0,0,1
5392,0,False,False,0,0,1
5393,0,False,False,0,0,1
5394,0,False,False,0,0,1
5395,0,False,False,0,0,1
5396,0,False,False,0,0,1
5397,0,False,False,0,1,1
5398,0,False,False,0,0,1
5399,0,False,False,0,0,1
5400,0,False,False,0,0,1
5401,0,False,False,0,0,1
5402,0,False,False,0,0,1
5403,0,False,False,0,0,1
5404,0,False,False,0,0,1
5405,0,False,False,0,0,1
5406,0,False,False,0,1,1
5407,0,False,False,0,0,1
5408,0,False,False,0,0,1
5409,0,False,False,0,0,1
5410,0,False,False,0,0,1
5411,0,False,False,0,0,1
5412,0,False,False,0,0,1
5413,0,False,False,0,0,1
5414,0,False,False,0,0,1
5415,0,False,False,0,1,1
5416,0,False,False,0,0,1
5417,0,False,False,0,0,1
5418,0,False,False,0,0,1
5419,1,True,False,1,0,0
5420,1,True,False,1,0,0
5421,1,True,False,1,0,0
5422,1,True,False,1,0,0
5423,1,True,False,1,0,0
5424,1,True,False,1,0,0
5425,1,True,False,1,0,0
5426,1,True,False,1,0,0
5427,1,True,False,1,0,0
5428,1,True,False,1,0,0
5429,1,True,False,1,0,0
5430,1,True,False,1,0,0
5431,1,True,False,1,0,0
5432,1,True,False,1,0,0
5433,1,True,False,1,0,0
5434,1,True,False,1,0,0
5435,1,True,False,1,0,0
5436,1,True,False,1,0,0
5437,1,True,False,1,0,0
5438,1,True,False,1,0,0
5439,1,True,False,1,0,0
5440,1,True,False,1,0,0
5441,1,True,False,1,1,0
5442,1,True,False,1,0,0
5443,1,True,False,1,0,0
5444,1,True,False,1,0,0
5445,1,True,False,1,0,0
5446,1,True,False,1,1,0
5447,1,True,False,1,0,0
5448,0,False,False,0,1,1
5449,0,False,False,0,1,1
5450,0,False,False,0,1,1
5451,0,False,False,0,1,1
5452,0,False,False,0,1,1
5453,0,False,False,0,0,1
5454,0,False,False,0,1,1
5455,0,False,False,0,1,1
5456,0,False,False,0,0,1
5457,0,False,False,0,1,1
5458,0,False,False,0,0,1
5459,0,False,False,0,1,1
5460,0,False,False,0,1,1
5461,0,False,False,0,1,1
5462,0,False,False,0,1,1
5463,0,False,False,0,0,1
5464,0,False,False,0,1,1
5465,0,False,False,0,1,1
5466,0,False,False,0,1,1
5467,0,False,False,0,0,1
5468,0,False,False,0,0,1
5469,0,False,False,0,1,1
5470,0,False,False,0,0,1
5471,0,False,False,0,0,1
5472,0,False,False,0,0,1
5473,0,False,False,0,0,1
5474,0,False,False,0,0,1
5475,0,False,False,0,0,1
5476,0,False,False,0,0,1
5477,0,False,False,0,0,1
5478,0,False,False,0,0,1
5479,0,False,False,0,0,1
5480,0,False,False,0,1,1
5481,0,False,False,0,1,1
5482,0,False,False,0,0,1
5483,0,False,False,0,1,1
5484,0,False,False,0,1,1
5485,0,False,False,0,0,1
5486,0,False,False,0,0,1
5487,0,False,False,0,0,1
5488,0,False,False,0,0,1
5489,0,False,False,0,0,1
5490,0,False,False,0,1,1
5491,0,False,False,0,0,1
5492,0,False,False,0,1,1
5493,0,False,False,0,1,1
5494,0,False,False,0,0,1
5495,0,False,False,0,0,1
5496,0,False,False,0,0,1
5497,0,False,False,0,0,1
5498,0,False,False,0,0,1
5499,0,False,False,0,0,1
5500,0,False,False,0,0,1
5501,0,False,False,0,0,1
5502,0,False,False,0,0,1
5503,0,False,False,0,0,1
5504,0,False,False,0,1,1
5505,0,False,False,0,0,1
5506,0,False,False,0,0,1
5507,0,False,False,0,0,1
5508,0,False,False,0,0,1
5509,0,False,False,0,0,1
5510,0,False,False,0,0,1
5511,0,False,False,0,0,1
5512,0,False,False,0,0,1
5513,0,False,False,0,1,1
5514,0,False,False,0,0,1
5515,0,False,False,0,0,1
5516,0,False,False,0,0,1
5517,0,False,False,0,0,1
5518,0,False,False,0,0,1
5519,0,False,False,0,0,1
5520,0,False,False,0,0,1
5521,0,False,False,0,0,1
5522,0,False,False,0,1,1
5523,0,False,False,0,0,1
5524,0,False,False,0,0,1
5525,0,False,False,0,0,1
5526,1,True,False,1,0,0
5527,1,True,False,1,0,0
5528,1,True,False,1,0,0
5529,1,True,False,1,0,0
5530,1,True,False,1,0,0
5531,1,True,False,1,0,0
5532,1,True,False,1,0,0
5533,1,True,False,1,0,0
5534,1,True,False,1,0,0
5535,1,True,False,1,0,0
5536,1,True,False,1,0,0
5537,1,True,False,1,0,0
5538,1,True,False,1,0,0
5539,1,True,False,1,0,0
5540,1,True,False,1,0,0
5541,1,True,False,1,0,0
5542,1,True,False,1,0,0
5543,1,True,False,1,0,0
5544,1,True,False,1,0,0
5545,1,True,False,1,0,0
5546,1,True,False,1,0,0
5547,1,True,False,1,0,0
5548,1,True,False,1,1,0
5549,1,True,False,1,0,0
5550,1,True,False,1,0,0
5551,1,True,False,1,0,0
5552,1,True,False,1,0,0
5553,1,True,False,1,1,0
5554,1,True,False,1,0,0
5555,0,False,False,0,1,1
5556,0,False,False,0,1,1
5557,0,False,False,0,1,1
5558,0,False,False,0,1,1
5559,0,False,False,0,1,1
5560,0,False,False,0,0,1
5561,0,False,False,0,1,1
5562,0,False,False,0,1,1
5563,0,False,False,0,0,1
5564,0,False,False,0,1,1
5565,0,False,False,0,0,1
5566,0,False,False,0,1,1
5567,0,False,False,0,1,1
5568,0,False,False,0,1,1
5569,0,False,False,0,1,1
5570,0,False,False,0,0,1
5571,0,False,False,0,1,1
5572,0,False,False,0,1,1
5573,0,False,False,0,1,1
5574,0,False,False,0,0,1
5575,0,False,False,0,0,1
5576,0,False,False,0,1,1
5577,0,False,False,0,0,1
5578,0,False,False,0,0,1
5579,0,False,False,0,0,1
5580,0,False,False,0,0,1
5581,0,False,False,0,0,1
5582,0,False,False,0,0,1
5583,0,False,False,0,0,1
5584,0,False,False,0,0,1
5585,0,False,False,0,0,1
5586,0,False,False,0,0,1
5587,0,False,False,0,1,1
5588,0,False,False,0,1,1
5589,0,False,False,0,0,1
5590,0,False,False,0,1,1
5591,0,False,False,0,1,1
5592,0,False,False,0,0,1
5593,0,False,False,0,0,1
5594,0,False,False,0,0,1
5595,0,False,False,0,0,1
5596,0,False,False,0,0,1
5597,0,False,False,0,1,1
5598,0,False,False,0,0,1
5599,0,False,False,0,1,1
5600,0,False,False,0,1,1
5601,0,False,False,0,0,1
5602,0,False,False,0,0,1
5603,0,False,False,0,0,1
5604,0,False,False,0,0,1
5605,0,False,False,0,0,1
5606,0,False,False,0,0,1
5607,0,False,False,0,0,1
5608,0,False,False,0,0,1
5609,0,False,False,0,0,1
5610,0,False,False,0,0,1
5611,0,False,False,0,1,1
5612,0,False,False,0,0,1
5613,0,False,False,0,0,1
5614,0,False,False,0,0,1
5615,0,False,False,0,0,1
5616,0,False,False,0,0,1
5617,0,False,False,0,0,1
5618,0,False,False,0,0,1
5619,0,False,False,0,0,1
5620,0,False,False,0,1,1
5621,0,False,False,0,0,1
5622,0,False,False,0,0,1
5623,0,False,False,0,0,1
5624,0,False,False,0,0,1
5625,0,False,False,0,0,1
5626,0,False,False,0,0,1
5627,0,False,False,0,0,1
5628,0,False,False,0,0,1
5629,0,False,False,0,1,1
5630,0,False,False,0,0,1
5631,0,False,False,0,0,1
5632,0,False,False,0,0,1
5633,1,True,False,1,0,0
5634,1,True,False,1,0,0
5635,1,True,False,1,0,0
5636,1,True,False,1,0,0
5637,1,True,False,1,0,0
5638,1,True,False,1,0,0
5639,1,True,False,1,0,0
5640,1,True,False,1,0,0
5641,1,True,False,1,0,0
5642,1,True,False,1,0,0
5643,1,True,False,1,0,0
5644,1,True,False,1,0,0
5645,1,True,False,1,0,0
5646,1,True,False,1,0,0
5647,1,True,False,1,0,0
5648,1,True,False,1,0,0
5649,1,True,False,1,0,0
5650,1,True,False,1,0,0
5651,1,True,False,1,0,0
5652,1,True,False,1,0,0
5653,1,True,False,1,0,0
5654,1,True,False,1,0,0
5655,1,True,False,1,1,0
5656,1,True,False,1,0,0
5657,1,True,False,1,0,0
5658,1,True,False,1,0,0
5659,1,True,False,1,0,0
5660,1,True,False,1,1,0
5661,1,True,False,1,0,0
5662,0,False,False,0,1,1
5663,0,False,False,0,1,1
5664,0,False,False,0,1,1
5665,0,False,False,0,1,1
5666,0,False,False,0,1,1
5667,0,False,False,0,0,1
5668,0,False,False,0,1,1
5669,0,False,False,0,1,1
5670,0,False,False,0,0,1
5671,0,False,False,0,1,1
5672,0,False,False,0,0,1
5673,0,False,False,0,1,1
5674,0,False,False,0,1,1
5675,0,False,False,0,1,1
5676,0,False,False,0,1,1
5677,0,False,False,0,0,1
5678,0,False,False,0,1,1
5679,0,False,False,0,1,1
5680,0,False,False,0,1,1
5681,0,False,False,0,0,1
5682,0,False,False,0,0,1
5683,0,False,False,0,1,1
5684,0,False,False,0,0,1
5685,0,False,False,0,0,1
5686,0,False,False,0,0,1
5687,0,False,False,0,0,1
5688,0,False,False,0,0,1
5689,0,False,False,0,0,1
5690,0,False,False,0,0,1
5691,0,False,False,0,0,1
5692,0,False,False,0,0,1
5693,0,False,False,0,0,1
5694,0,False,False,0,1,1
5695,0,False,False,0,1,1
5696,0,False,False,0,0,1
5697,0,False,False,0,1,1
5698,0,False,False,0,1,1
5699,0,False,False,0,0,1
5700,0,False,False,0,0,1
5701,0,False,False,0,0,1
5702,0,False,False,0,0,1
5703,0,False,False,0,0,1
5704,0,False,False,0,1,1
5705,0,False,False,0,0,1
5706,0,False,False,0,1,1
5707,0,False,False,0,1,1
5708,0,False,False,0,0,1
5709,0,False,False,0,0,1
5710,0,False,False,0,0,1
5711,0,False,False,0,0,1
5712,0,False,False,0,0,1
5713,0,False,False,0,0,1
5714,0,False,False,0,0,1
5715,0,False,False,0,0,1
5716,0,False,False,0,0,1
5717,0,False,False,0,0,1
5718,0,False,False,0,1,1
5719,0,False,False,0,0,1
5720,0,False,False,0,0,1
5721,0,False,False,0,0,1
5722,0,False,False,0,0,1
5723,0,False,False,0,0,1
5724,0,False,False,0,0,1
5725,0,False,False,0,0,1
5726,0,False,False,0,0,1
5727,0,False,False,0,1,1
5728,0,False,False,0,0,1
5729,0,False,False,0,0,1
5730,0,False,False,0,0,1
5731,0,False,False,0,0,1
5732,0,False,False,0,0,1
5733,0,False,False,0,0,1
5734,0,False,False,0,0,1
5735,0,False,False,0,0,1
5736,0,False,False,0,1,1
5737,0,False,False,0,0,1
5738,0,False,False,0,0,1
5739,0,False,False,0,0,1
5740,1,True,False,1,0,0
5741,1,True,False,1,0,0
5742,1,True,False,1,0,0
5743,1,True,False,1,0,0
5744,1,True,False,1,0,0
5745,1,True,False,1,0,0
5746,1,True,False,1,0,0
5747,1,True,False,1,0,0
5748,1,True,False,1,0,0
5749,1,True,False,1,0,0
5750,1,True,False,1,0,0
5751,1,True,False,1,0,0
5752,1,True,False,1,0,0
5753,1,True,False,1,0,0
5754,1,True,False,1,0,0
5755,1,True,False,1,0,0
5756,1,True,False,1,0,0
5757,1,True,False,1,0,0
5758,1,True,False,1,0,0
5759,1,True,False,1,0,0
5760,1,True,False,1,0,0
5761,1,True,False,1,0,0
5762,1,True,False,1,1,0
5763,1,True,False,1,0,0
5764,1,True,False,1,0,0
5765,1,True,False,1,0,0
5766,1,True,False,1,0,0
5767,1,True,False,1,1,0
5768,1,True,False,1,0,0
5769,0,False,False,0,1,1
5770,0,False,False,0,1,1
5771,0,False,False,0,1,1
5772,0,False,False,0,1,1
5773,0,False,False,0,1,1
5774,0,False,False,0,0,1
5775,0,False,False,0,1,1
5776,0,False,False,0,1,1
5777,0,False,False,0,0,1
5778,0,False,False,0,1,1
5779,0,False,False,0,0,1
5780,0,False,False,0,1,1
5781,0,False,False,0,1,1
5782,0,False,False,0,1,1
5783,0,False,False,0,1,1
5784,0,False,False,0,0,1
5785,0,False,False,0,1,1
5786,0,False,False,0,1,1
5787,0,False,False,0,1,1
5788,0,False,False,0,0,1
5789,0,False,False,0,0,1
5790,0,False,False,0,1,1
5791,0,False,False,0,0,1
5792,0,False,False,0,0,1
5793,0,False,False,0,0,1
5794,0,False,False,0,0,1
5795,0,False,False,0,0,1
5796,0,False,False,0,0,1
5797,0,False,False,0,0,1
5798,0,False,False,0,0,1
5799,0,False,False,0,0,1
5800,0,False,False,0,0,1
5801,0,False,False,0,1,1
5802,0,False,False,0,1,1
5803,0,False,False,0,0,1
5804,0,False,False,0,1,1
5805,0,False,False,0,1,1
5806,0,False,False,0,0,1
5807,0,False,False,0,0,1
5808,0,False,False,0,0,1
5809,0,False,False,0,0,1
5810,0,False,False,0,0,1
5811,0,False,False,0,1,1
5812,0,False,False,0,0,1
5813,0,False,False,0,1,1
5814,0,False,False,0,1,1
5815,0,False,False,0,0,1
5816,0,False,False,0,0,1
5817,0,False,False,0,0,1
5818,0,False,False,0,0,1
5819,0,False,False,0,0,1
5820,0,False,False,0,0,1
5821,0,False,False,0,0,1
5822,0,False,False,0,0,1
5823,0,False,False,0,0,1
5824,0,False,False,0,0,1
5825,0,False,False,0,1,1
5826,0,False,False,0,0,1
5827,0,False,False,0,0,1
5828,0,False,False,0,0,1
5829,0,False,False,0,0,1
5830,0,False,False,0,0,1
5831,0,False,False,0,0,1
5832,0,False,False,0,0,1
5833,0,False,False,0,0,1
5834,0,False,False,0,1,1
5835,0,False,False,0,0,1
5836,0,False,False,0,0,1
5837,0,False,False,0,0,1
5838,0,False,False,0,0,1
5839,0,False,False,0,0,1
5840,0,False,False,0,0,1
5841,0,False,False,0,0,1
5842,0,False,False,0,0,1
5843,0,False,False,0,1,1
5844,0,False,False,0,0,1
5845,0,False,False,0,0,1
5846,0,False,False,0,0,1
5847,1,True,False,1,0,0
5848,1,True,False,1,0,0
5849,1,True,False,1,0,0
5850,1,True,False,1,0,0
5851,1,True,False,1,0,0
5852,1,True,False,1,0,0
5853,1,True,False,1,0,0
5854,1,True,False,1,0,0
5855,1,True,False,1,0,0
5856,1,True,False,1,0,0
5857,1,True,False,1,0,0
5858,1,True,False,1,0,0
5859,1,True,False,1,0,0
5860,1,True,False,1,0,0
5861,1,True,False,1,0,0
5862,1,True,False,1,0,0
5863,1,True,False,1,0,0
5864,1,True,False,1,0,0
5865,1,True,False,1,0,0
5866,1,True,False,1,0,0
5867,1,True,False,1,0,0
5868,1,True,False,1,0,0
5869,1,True,False,1,1,0
5870,1,True,False,1,0,0
5871,1,True,False,1,0,0
5872,1,True,False,1,0,0
5873,1,True,False,1,0,0
5874,1,True,False,1,1,0
5875,1,True,False,1,0,0
5876,0,False,False,0,0,AI_Random1
5877,0,False,False,0,0,AI_Random1
5878,0,False,False,0,0,AI_Random1
5879,0,False,False,0,0,AI_Random1
5880,0,False,False,0,0,AI_Random1
5881,0,False,False,0,0,AI_Random1
5882,0,False,False,0,0,AI_Random1
5883,0,False,False,0,0,AI_Random1
5884,0,False,False,0,1,1
5885,0,False,False,0,0,1
5886,0,False,False,0,0,1
5887,0,False,False,0,1,1
5888,0,False,False,0,0,1
5889,0,False,False,0,0,1
5890,0,False,False,0,0,1
5891,0,False,False,0,1,1
5892,0,False,False,0,1,1
5893,0,False,False,0,0,1
5894,0,False,False,0,1,1
5895,0,False,False,0,0,1
5896,0,False,False,0,1,1
5897,0,False,False,0,0,1
5898,0,False,False,0,1,1
5899,0,False,False,0,1,1
5900,0,False,False,0,1,1
5901,0,False,False,0,1,1
5902,0,False,False,0,0,1
5903,0,False,False,0,1,1
5904,0,False,False,0,1,1
5905,0,False,False,0,1,1
5906,0,False,False,0,1,1
5907,0,False,False,0,0,1
5908,0,False,False,0,0,1
5909,0,False,False,0,0,1
5910,0,False,False,0,0,1
5911,0,False,False,0,0,1
5912,0,False,False,0,0,1
5913,0,False,False,0,0,1
5914,0,False,False,0,0,1
5915,0,False,False,0,0,1
5916,0,False,False,0,0,1
5917,0,False,False,0,1,1
5918,0,False,False,0,1,1
5919,0,False,False,0,0,1
5920,0,False,False,0,0,1
5921,0,False,False,0,0,1
5922,0,False,False,0,1,1
5923,0,False,False,0,0,1
5924,0,False,False,0,1,1
5925,0,False,False,0,1,1
5926,0,False,False,0,1,1
5927,0,False,False,0,1,1
5928,0,False,False,0,1,1
5929,0,False,False,0,0,1
5930,0,False,False,0,1,1
5931,0,False,False,0,1,1
5932,0,False,False,0,0,1
5933,0,False,False,0,0,1
5934,0,False,False,0,1,1
5935,0,False,False,0,0,1
5936,0,False,False,0,0,1
5937,0,False,False,0,0,1
5938,0,False,False,0,0,1
5939,0,False,False,0,1,1
5940,0,False,False,0,1,1
5941,0,False,False,0,0,1
5942,0,False,False,0,0,1
5943,0,False,False,0,1,1
5944,0,False,False,0,0,1
5945,0,False,False,0,0,1
5946,1,True,False,1,1,0
5947,1,True,False,1,1,0
5948,1,True,False,1,1,0
5949,1,True,False,1,0,0
5950,1,True,False,1,0,0
5951,1,True,False,1,0,0
5952,1,True,False,1,1,0
5953,1,True,False,1,1,0
5954,1,True,False,1,1,0
5955,1,True,False,1,1,0
5956,1,True,False,1,1,0
5957,1,True,False,1,1,0
5958,1,True,False,1,1,0
5959,1,True,False,1,0,0
5960,1,True,False,1,1,0
5961,1,True,False,1,1,0
5962,1,True,False,1,1,0
5963,1,True,False,1,0,0
5964,1,True,False,1,1,0
5965,1,True,False,1,1,0
5966,1,True,False,1,1,0
5967,1,True,False,1,1,0
5968,1,True,False,1,1,0
5969,1,True,False,1,0,0
5970,1,True,False,1,1,0
5971,1,True,False,1,0,0
5972,1,True,False,1,0,0
5973,1,True,False,1,0,0
5974,1,True,False,1,0,0
5975,1,True,False,1,0,0
5976,1,True,False,1,0,0
5977,1,True,False,1,0,0
5978,1,True,False,1,1,0
5979,1,True,False,1,0,0
5980,1,True,False,1,0,0
5981,1,True,False,1,0,0
5982,1,True,False,1,1,0
5983,1,True,False,1,1,0
5984,1,True,False,1,0,0
5985,1,True,False,1,1,0
5986,1,True,False,1,1,0
5987,1,True,False,1,0,0
5988,1,True,False,1,1,0
5989,1,True,False,1,1,0
5990,1,True,False,1,1,0
5991,1,True,False,1,0,0
5992,1,True,False,1,1,0
5993,1,True,False,1,0,0
5994,1,True,False,1,1,0
5995,1,True,False,1,0,0
5996,1,True,False,1,0,0
5997,1,True,False,1,1,0
5998,1,True,False,1,0,0
5999,1,True,False,1,1,0
6000,1,True,False,1,0,0
6001,1,True,False,1,0,0
6002,1,True,False,1,0,0
6003,1,True,False,1,1,0
6004,1,True,False,1,1,0
6005,1,True,False,1,0,0
6006,1,True,False,1,0,0
6007,1,True,False,1,0,0
6008,1,True,False,1,0,0
6009,1,True,False,1,0,0
6010,1,True,False,1,0,0
6011,1,True,False,1,0,0
6012,1,True,False,1,0,0
6013,1,True,False,1,0,0
6014,0,False,False,0,1,1
6015,0,False,False,0,0,1
6016,0,False,False,0,0,1
6017,0,False,False,0,1,1
6018,0,False,False,0,0,1
6019,0,False,False,0,0,1
6020,0,False,False,0,0,1
6021,0,False,False,0,1,1
6022,0,False,False,0,1,1
6023,0,False,False,0,0,1
6024,0,False,False,0,1,1
6025,0,False,False,0,0,1
6026,0,False,False,0,1,1
6027,0,False,False,0,0,1
6028,0,False,False,0,1,1
6029,0,False,False,0,1,1
6030,0,False,False,0,1,1
6031,0,False,False,0,1,1
6032,0,False,False,0,0,1
6033,0,False,False,0,1,1
6034,0,False,False,0,1,1
6035,0,False,False,0,1,1
6036,0,False,False,0,1,1
6037,0,False,False,0,0,1
6038,0,False,False,0,0,1
6039,0,False,False,0,0,1
6040,0,False,False,0,0,1
6041,0,False,False,0,0,1
6042,0,False,False,0,0,1
6043,0,False,False,0,0,1
6044,0,False,False,0,0,1
6045,0,False,False,0,0,1
6046,0,False,False,0,0,1
6047,0,False,False,0,1,1
6048,0,False,False,0,1,1
6049,0,False,False,0,0,1
6050,0,False,False,0,0,1
6051,0,False,False,0,0,1
6052,0,False,False,0,1,1
6053,0,False,False,0,0,1
6054,0,False,False,0,1,1
6055,0,False,False,0,1,1
6056,0,False,False,0,1,1
6057,0,False,False,0,1,1
6058,0,False,False,0,1,1
6059,0,False,False,0,0,1
6060,0,False,False,0,1,1
6061,0,False,False,0,1,1
6062,0,False,False,0,0,1
6063,0,False,False,0,0,1
6064,0,False,False,0,1,1
6065,0,False,False,0,0,1
6066,0,False,False,0,0,1
6067,0,False,False,0,0,1
6068,0,False,False,0,0,1
6069,0,False,False,0,1,1
6070,0,False,False,0,1,1
6071,0,False,False,0,0,1
6072,0,False,False,0,0,1
6073,0,False,False,0,1,1
6074,0,False,False,0,0,1
6075,0,False,False,0,0,1
6076,1,True,False,1,1,0
6077,1,True,False,1,1,0
6078,1,True,False,1,1,0
6079,1,True,False,1,0,0
6080,1,True,False,1,0,0
6081,1,True,False,1,0,0
6082,1,True,False,1,1,0
6083,1,True,False,1,1,0
6084,1,True,False,1,1,0
6085,1,True,False,1,1,0
6086,1,True,False,1,1,0
6087,1,True,False,1,1,0
6088,1,True,False,1,1,0
6089,1,True,False,1,0,0
6090,1,True,False,1,1,0
6091,1,True,False,1,1,0
6092,1,True,False,1,1,0
6093,1,True,False,1,0,0
6094,1,True,False,1,1,0
6095,1,True,False,1,1,0
6096,1,True,False,1,1,0
6097,1,True,False,1,1,0
6098,1,True,False,1,1,0
6099,1,True,False,1,0,0
6100,1,True,False,1,1,0
6101,1,True,False,1,0,0
6102,1,True,False,1,0,0
6103,1,True,False,1,0,0
6104,1,True,False,1,0,0
6105,1,True,False,1,0,0
6106,1,True,False,1,0,0
6107,1,True,False,1,0,0
6108,1,True,False,1,1,0
6109,1,True,False,1,0,0
6110,1,True,False,1,0,0
6111,1,True,False,1,0,0
6112,1,True,False,1,1,0
6113,1,True,False,1,1,0
6114,1,True,False,1,0,0
6115,1,True,False,1,1,0
6116,1,True,False,1,1,0
6117,1,True,False,1,0,0
6118,1,True,False,1,1,0
6119,1,True,False,1,1,0
6120,1,True,False,1,1,0
6121,1,True,False,1,0,0
6122,1,True,False,1,1,0
6123,1,True,False,1,0,0
6124,1,True,False,1,1,0
6125,1,True,False,1,0,0
6126,1,True,False,1,0,0
6127,1,True,False,1,1,0
6128,1,True,False,1,0,0
6129,1,True,False,1,1,0
6130,1,True,False,1,0,0
6131,1,True,False,1,0,0
6132,1,True,False,1,0,0
6133,1,True,False,1,1,0
6134,1,True,False,1,1,0
6135,1,True,False,1,0,0
6136,1,True,False,1,0,0
6137,1,True,False,1,0,0
6138,1,True,False,1,0,0
6139,1,True,False,1,0,0
6140,1,True,False,1,0,0
6141,1,True,False,1,0,0
6142,1,True,False,1,0,0
6143,1,True,False,1,0,0
6144,0,False,False,0,1,1
6145,0,False,False,0,0,1
6146,0,False,False,0,0,1
6147,0,False,False,0,1,1
6148,0,False,False,0,0,1
6149,0,False,False,0,0,1
6150,0,False,False,0,0,1
6151,0,False,False,0,1,1
6152,0,False,False,0,1,1
6153,0,False,False,0,0,1
6154,0,False,False,0,1,1
6155,0,False,False,0,0,1
6156,0,False,False,0,1,1
6157,0,False,False,0,0,1
6158,0,False,False,0,1,1
6159,0,False,False,0,1,1
6160,0,False,False,0,1,1
6161,0,False,False,0,1,1
6162,0,False,False,0,0,1
6163,0,False,False,0,1,1
6164,0,False,False,0,1,1
6165,0,False,False,0,1,1
6166,0,False,False,0,1,1
6167,0,False,False,0,0,1
6168,0,False,False,0,0,1
6169,0,False,False,0,0,1
6170,0,False,False,0,0,1
6171,0,False,False,0,0,1
6172,0,False,False,0,0,1
6173,0,False,False,0,0,1
6174,0,False,False,0,0,1
6175,0,False,False,0,0,1
6176,0,False,False,0,0,1
6177,0,False,False,0,1,1
6178,0,False,False,0,1,1
6179,0,False,False,0,0,1
6180,0,False,False,0,0,1
6181,0,False,False,0,0,1
6182,0,False,False,0,1,1
6183,0,False,False,0,0,1
6184,0,False,False,0,1,1
6185,0,False,False,0,1,1
6186,0,False,False,0,1,1
6187,0,False,False,0,1,1
6188,0,False,False,0,1,1
6189,0,False,False,0,0,1
6190,0,False,False,0,1,1
6191,0,False,False,0,1,1
6192,0,False,False,0,0,1
6193,0,False,False,0,0,1
6194,0,False,False,0,1,1
6195,0,False,False,0,0,1
6196,0,False,False,0,0,1
6197,0,False,False,0,0,1
6198,0,False,False,0,0,1
6199,0,False,False,0,1,1
6200,0,False,False,0,1,1
6201,0,False,False,0,0,1
6202,0,False,False,0,0,1
6203,0,False,False,0,1,1
6204,0,False,False,0,0,1
6205,0,False,False,0,0,1
6206,1,True,False,1,1,0
6207,1,True,False,1,1,0
6208,1,True,False,1,1,0
6209,1,True,False,1,0,0
6210,1,True,False,1,0,0
6211,1,True,False,1,0,0
6212,1,True,False,1,1,0
6213,1,True,False,1,1,0
6214,1,True,False,1,1,0
6215,1,True,False,1,1,0
6216,1,True,False,1,1,0
6217,1,True,False,1,1,0
6218,1,True,False,1,1,0
6219,1,True,False,1,0,0
6220,1,True,False,1,1,0
6221,1,True,False,1,1,0
6222,1,True,False,1,1,0
6223,1,True,False,1,0,0
6224,1,True,False,1,1,0
6225,1,True,False,1,1,0
6226,1,True,False,1,1,0
6227,1,True,False,1,1,0
6228,1,True,False,1,1,0
6229,1,True,False,1,0,0
6230,1,True,False,1,1,0
6231,1,True,False,1,0,0
6232,1,True,False,1,0,0
6233,1,True,False,1,0,0
6234,1,True,False,1,0,0
6235,1,True,False,1,0,0
6236,1,True,False,1,0,0
6237,1,True,False,1,0,0
6238,1,True,False,1,1,0
6239,1,True,False,1,0,0
6240,1,True,False,1,0,0
6241,1,True,False,1,0,0
6242,1,True,False,1,1,0
6243,1,True,False,1,1,0
6244,1,True,False,1,0,0
6245,1,True,False,1,1,0
6246,1,True,False,1,1,0
6247,1,True,False,1,0,0
6248,1,True,False,1,1,0
6249,1,True,False,1,1,0
6250,1,True,False,1,1,0
6251,1,True,False,1,0,0
6252,1,True,False,1,1,0
6253,1,True,False,1,0,0
6254,1,True,False,1,1,0
6255,1,True,False,1,0,0
6256,1,True,False,1,0,0
6257,1,True,False,1,1,0
6258,1,True,False,1,0,0
6259,1,True,False,1,1,0
6260,1,True,False,1,0,0
6261,1,True,False,1,0,0
6262,1,True,False,1,0,0
6263,1,True,False,1,1,0
6264,1,True,False,1,1,0
6265,1,True,False,1,0,0
6266,1,True,False,1,0,0
6267,1,True,False,1,0,0
6268,1,True,False,1,0,0
6269,1,True,False,1,0,0
6270,1,True,False,1,0,0
6271,1,True,False,1,0,0
6272,1,True,False,1,0,0
6273,1,True,False,1,0,0
6274,0,False,False,0,1,1
6275,0,False,False,0,0,1
6276,0,False,False,0,0,1
6277,0,False,False,0,1,1
6278,0,False,False,0,0,1
6279,0,False,False,0,0,1
6280,0,False,False,0,0,1
6281,0,False,False,0,1,1
6282,0,False,False,0,1,1
6283,0,False,False,0,0,1
6284,0,False,False,0,1,1
6285,0,False,False,0,0,1
6286,0,False,False,0,1,1
6287,0,False,False,0,0,1
6288,0,False,False,0,1,1
6289,0,False,False,0,1,1
6290,0,False,False,0,1,1
6291,0,False,False,0,1,1
6292,0,False,False,0,0,1
6293,0,False,False,0,1,1
6294,0,False,False,0,1,1
6295,0,False,False,0,1,1
6296,0,False,False,0,1,1
6297,0,False,False,0,0,1
6298,0,False,False,0,0,1
6299,0,False,False,0,0,1
6300,0,False,False,0,0,1
6301,0,False,False,0,0,1
6302,0,False,False,0,0,1
6303,0,False,False,0,0,1
6304,0,False,False,0,0,1
6305,0,False,False,0,0,1
6306,0,False,False,0,0,1
6307,0,False,False,0,1,1
6308,0,False,False,0,1,1
6309,0,False,False,0,0,1
6310,0,False,False,0,0,1
6311,0,False,False,0,0,1
6312,0,False,False,0,1,1
6313,0,False,False,0,0,1
6314,0,False,False,0,1,1
6315,0,False,False,0,1,1
6316,0,False,False,0,1,1
6317,0,False,False,0,1,1
6318,0,False,False,0,1,1
6319,0,False,False,0,0,1
6320,0,False,False,0,1,1
6321,0,False,False,0,1,1
6322,0,False,False,0,0,1
6323,0,False,False,0,0,1
6324,0,False,False,0,1,1
6325,0,False,False,0,0,1
6326,0,False,False,0,0,1
6327,0,False,False,0,0,1
6328,0,False,False,0,0,1
6329,0,False,False,0,1,1
6330,0,False,False,0,1,1
6331,0,False,False,0,0,1
6332,0,False,False,0,0,1
6333,0,False,False,0,1,1
6334,0,False,False,0,0,1
6335,0,False,False,0,0,1
6336,1,True,False,1,1,0
6337,1,True,False,1,1,0
6338,1,True,False,1,1,0
6339,1,True,False,1,0,0
6340,1,True,False,1,0,0
6341,1,True,False,1,0,0
6342,1,True,False,1,1,0
6343,1,True,False,1,1,0
6344,1,True,False,1,1,0
6345,1,True,False,1,1,0
6346,1,True,False,1,1,0
6347,1,True,False,1,1,0
6348,1,True,False,1,1,0
6349,1,True,False,1,0,0
6350,1,True,False,1,1,0
6351,1,True,False,1,1,0
6352,1,True,False,1,1,0
6353,1,True,False,1,0,0
6354,1,True,False,1,1,0
6355,1,True,False,1,1,0
6356,1,True,False,1,1,0
6357,1,True,False,1,1,0
6358,1,True,False,1,1,0
6359,1,True,False,1,0,0
6360,1,True,False,1,1,0
6361,1,True,False,1,0,0
6362,1,True,False,1,0,0
6363,1,True,False,1,0,0
6364,1,True,False,1,0,0
6365,1,True,False,1,0,0
6366,1,True,False,1,0,0
6367,1,True,False,1,0,0
6368,1,True,False,1,1,0
6369,1,True,False,1,0,0
6370,1,True,False,1,0,0
6371,1,True,False,1,0,0
6372,1,True,False,1,1,0
6373,1,True,False,1,1,0
6374,1,True,False,1,0,0
6375,1,True,False,1,1,0
6376,1,True,False,1,1,0
6377,1,True,False,1,0,0
6378,1,True,False,1,1,0
6379,1,True,False,1,1,0
6380,1,True,False,1,1,0
6381,1,True,False,1,0,0
6382,1,True,False,1,1,0
6383,1,True,False,1,0,0
6384,1,True,False,1,1,0
6385,1,True,False,1,0,0
6386,1,True,False,1,0,0
6387,1,True,False,1,1,0
6388,1,True,False,1,0,0
6389,1,True,False,1,1,0
6390,1,True,False,1,0,0
6391,1,True,False,1,0,0
6392,1,True,False,1,0,0
6393,1,True,False,1,1,0
6394,1,True,False,1,1,0
6395,1,True,False,1,0,0
6396,1,True,False,1,0,0
6397,1,True,False,1,0,0
6398,1,True,False,1,0,0
6399,1,True,False,1,0,0
6400,1,True,False,1,0,0
6401,1,True,False,1,0,0
6402,1,True,False,1,0,0
6403,1,True,False,1,0,0
6404,0,False,False,0,1,1
6405,0,False,False,0,0,1
6406,0,False,False,0,0,1
6407,0,False,False,0,1,1
6408,0,False,False,0,0,1
6409,0,False,False,0,0,1
6410,0,False,False,0,0,1
6411,0,False,False,0,1,1
6412,0,False,False,0,1,1
6413,0,False,False,0,0,1
6414,0,False,False,0,1,1
6415,0,False,False,0,0,1
6416,0,False,False,0,1,1
6417,0,False,False,0,0,1
6418,0,False,False,0,1,1
6419,0,False,False,0,1,1
6420,0,False,False,0,1,1
6421,0,False,False,0,1,1
6422,0,False,False,0,0,1
6423,0,False,False,0,1,1
6424,0,False,False,0,1,1
6425,0,False,False,0,1,1
6426,0,False,False,0,1,1
6427,0,False,False,0,0,1
6428,0,False,False,0,0,1
6429,0,False,False,0,0,1
6430,0,False,False,0,0,1
6431,0,False,False,0,0,1
6432,0,False,False,0,0,1
6433,0,False,False,0,0,1
6434,0,False,False,0,0,1
6435,0,False,False,0,0,1
6436,0,False,False,0,0,1
6437,0,False,False,0,1,1
6438,0,False,False,0,1,1
6439,0,False,False,0,0,1
6440,0,False,False,0,0,1
6441,0,False,False,0,0,1
6442,0,False,False,0,1,1
6443,0,False,False,0,0,1
6444,0,False,False,0,1,1
6445,0,False,False,0,1,1
6446,0,False,False,0,1,1
6447,0,False,False,0,1,1
6448,0,False,False,0,1,1
6449,0,False,False,0,0,1
6450,0,False,False,0,1,1
6451,0,False,False,0,1,1
6452,0,False,False,0,0,1
6453,0,False,False,0,0,1
6454,0,False,False,0,1,1
6455,0,False,False,0,0,1
6456,0,False,False,0,0,1
6457,0,False,False,0,0,1
6458,0,False,False,0,0,1
6459,0,False,False,0,1,1
6460,0,False,False,0,1,1
6461,0,False,False,0,0,1
6462,0,False,False,0,0,1
6463,0,False,False,0,1,1
6464,0,False,False,0,0,1
6465,0,False,False,0,0,1
6466,1,True,False,1,1,0
6467,1,True,False,1,1,0
6468,1,True,False,1,1,0
6469,1,True,False,1,0,0
6470,1,True,False,1,0,0
6471,1,True,False,1,0,0
6472,1,True,False,1,1,0
6473,1,True,False,1,1,0
6474,1,True,False,1,1,0
6475,1,True,False,1,1,0
6476,1,True,False,1,1,0
6477,1,True,False,1,1,0
6478,1,True,False,1,1,0
6479,1,True,False,1,0,0
6480,1,True,False,1,1,0
6481,1,True,False,1,1,0
6482,1,True,False,1,1,0
6483,1,True,False,1,0,0
6484,1,True,False,1,1,0
6485,1,True,False,1,1,0
6486,1,True,False,1,1,0
6487,1,True,False,1,1,0
6488,1,True,False,1,1,0
6489,1,True,False,1,0,0
6490,1,True,False,1,1,0
6491,1,True,False,1,0,0
6492,1,True,False,1,0,0
6493,1,True,False,1,0,0
6494,1,True,False,1,0,0
6495,1,True,False,1,0,0
6496,1,True,False,1,0,0
6497,1,True,False,1,0,0
6498,1,True,False,1,1,0
6499,1,True,False,1,0,0
6500,1,True,False,1,0,0
6501,1,True,False,1,0,0
6502,1,True,False,1,1,0
6503,1,True,False,1,1,0
6504,1,True,False,1,0,0
6505,1,True,False,1,1,0
6506,1,True,False,1,1,0
6507,1,True,False,1,0,0
6508,1,True,False,1,1,0
6509,1,True,False,1,1,0
6510,1,True,False,1,1,0
6511,1,True,False,1,0,0
6512,1,True,False,1,1,0
6513,1,True,False,1,0,0
6514,1,True,False,1,1,0
6515,1,True,False,1,0,0
6516,1,True,False,1,0,0
6517,1,True,False,1,1,0
6518,1,True,False,1,0,0
6519,1,True,False,1,1,0
6520,1,True,False,1,0,0
6521,1,True,False,1,0,0
6522,1,True,False,1,0,0
6523,1,True,False,1,1,0
6524,1,True,False,1,1,0
6525,1,True,False,1,0,0
6526,1,True,False,1,0,0
6527,1,True,False,1,0,0
6528,1,True,False,1,0,0
6529,1,True,False,1,0,0
6530,1,True,False,1,0,0
6531,1,True,False,1,0,0
6532,1,True,False,1,0,0
6533,1,True,False,1,0,0
6534,0,False,False,0,1,AI_Random1
6535,0,False,False,0,0,AI_Random1
6536,0,False,False,0,0,AI_Random1
6537,0,False,False,0,1,AI_Random1
6538,0,False,False,0,1,AI_Random1
6539,0,False,False,0,1,AI_Random1
6540,0,False,False,0,1,AI_Random1
6541,0,False,False,0,1,AI_Random1
6542,0,False,False,0,1,AI_Random1
6543,0,False,False,0,1,AI_Random1
6544,0,False,False,0,0,AI_Random1
6545,0,False,False,0,0,AI_Random1
6546,0,False,False,0,1,AI_Random1
6547,0,False,False,0,1,AI_Random1
6548,0,False,False,0,1,AI_Random1
6549,0,False,False,0,1,1
6550,0,False,False,0,0,1
6551,0,False,False,0,0,1
6552,0,False,False,0,1,1
6553,0,False,False,0,0,1
6554,0,False,False,0,0,1
6555,0,False,False,0,0,1
6556,0,False,False,0,1,1
6557,0,False,False,0,1,1
6558,0,False,False,0,0,1
6559,0,False,False,0,1,1
6560,0,False,False,0,0,1
6561,0,False,False,0,1,1
6562,0,False,False,0,0,1
6563,0,False,False,0,1,1
6564,0,False,False,0,1,1
6565,0,False,False,0,1,1
6566,0,False,False,0,1,1
6567,0,False,False,0,0,1
6568,0,False,False,0,1,1
6569,0,False,False,0,1,1
6570,0,False,False,0,1,1
6571,0,False,False,0,1,1
6572,0,False,False,0,0,1
6573,0,False,False,0,0,1
6574,0,False,False,0,0,1
6575,0,False,False,0,0,1
6576,0,False,False,0,0,1
6577,0,False,False,0,0,1
6578,0,False,False,0,0,1
6579,0,False,False,0,0,1
6580,0,False,False,0,0,1
6581,0,False,False,0,0,1
6582,0,False,False,0,1,1
6583,0,False,False,0,1,1
6584,0,False,False,0,0,1
6585,0,False,False,0,0,1
6586,0,False,False,0,0,1
6587,0,False,False,0,1,1
6588,0,False,False,0,0,1
6589,0,False,False,0,1,1
6590,0,False,False,0,1,1
6591,0,False,False,0,1,1
6592,0,False,False,0,1,1
6593,0,False,False,0,1,1
6594,0,False,False,0,0,1
6595,0,False,False,0,1,1
6596,0,False,False,0,1,1
6597,0,False,False,0,0,1
6598,0,False,False,0,0,1
6599,0,False,False,0,1,1
6600,0,False,False,0,0,1
6601,0,False,False,0,0,1
6602,0,False,False,0,0,1
6603,0,False,False,0,0,1
6604,0,False,False,0,1,1
6605,0,False,False,0,1,1
6606,0,False,False,0,0,1
6607,0,False,False,0,0,1
6608,0,False,False,0,1,1
6609,0,False,False,0,0,1
6610,0,False,False,0,0,1
6611,1,True,False,1,1,0
6612,1,True,False,1,1,0
6613,1,True,False,1,1,0
6614,1,True,False,1,0,0
6615,1,True,False,1,0,0
6616,1,True,False,1,0,0
6617,1,True,False,1,1,0
6618,1,True,False,1,1,0
6619,1,True,False,1,1,0
6620,1,True,False,1,1,0
6621,1,True,False,1,1,0
6622,1,True,False,1,1,0
6623,1,True,False,1,1,0
6624,1,True,False,1,0,0
6625,1,True,False,1,1,0
6626,1,True,False,1,1,0
6627,1,True,False,1,1,0
6628,1,True,False,1,0,0
6629,1,True,False,1,1,0
6630,1,True,False,1,1,0
6631,1,True,False,1,1,0
6632,1,True,False,1,1,0
6633,1,True,False,1,1,0
6634,1,True,False,1,0,0
6635,1,True,False,1,1,0
6636,1,True,False,1,0,0
6637,1,True,False,1,0,0
6638,1,True,False,1,0,0
6639,1,True,False,1,0,0
6640,1,True,False,1,0,0
6641,1,True,False,1,0,0
6642,1,True,False,1,0,0
6643,1,True,False,1,1,0
6644,1,True,False,1,0,0
6645,1,True,False,1,0,0
6646,1,True,False,1,0,0
6647,1,True,False,1,1,0
6648,1,True,False,1,1,0
6649,1,True,False,1,0,0
6650,1,True,False,1,1,0
6651,1,True,False,1,1,0
6652,1,True,False,1,0,0
6653,1,True,False,1,1,0
6654,1,True,False,1,1,0
6655,1,True,False,1,1,0
6656,1,True,False,1,0,0
6657,1,True,False,1,1,0
6658,1,True,False,1,0,0
6659,1,True,False,1,1,0
6660,1,True,False,1,0,0
6661,1,True,False,1,0,0
6662,1,True,False,1,1,0
6663,1,True,False,1,0,0
6664,1,True,False,1,1,0
6665,1,True,False,1,0,0
6666,1,True,False,1,0,0
6667,1,True,False,1,0,0
6668,1,True,False,1,1,0
6669,1,True,False,1,1,0
6670,1,True,False,1,0,0
6671,1,True,False,1,0,0
6672,1,True,False,1,0,0
6673,1,True,False,1,0,0
6674,1,True,False,1,0,0
6675,1,True,False,1,0,0
6676,1,True,False,1,0,0
6677,1,True,False,1,0,0
6678,1,True,False,1,0,0
6679,0,False,False,0,1,1
6680,0,False,False,0,0,1
6681,0,False,False,0,0,1
6682,0,False,False,0,1,1
6683,0,False,False,0,0,1
6684,0,False,False,0,0,1
6685,0,False,False,0,0,1
6686,0,False,False,0,1,1
6687,0,False,False,0,1,1
6688,0,False,False,0,0,1
6689,0,False,False,0,1,1
6690,0,False,False,0,0,1
6691,0,False,False,0,1,1
6692,0,False,False,0,0,1
6693,0,False,False,0,1,1
6694,0,False,False,0,1,1
6695,0,False,False,0,1,1
6696,0,False,False,0,1,1
6697,0,False,False,0,0,1
6698,0,False,False,0,1,1
6699,0,False,False,0,1,1
6700,0,False,False,0,1,1
6701,0,False,False,0,1,1
6702,0,False,False,0,0,1
6703,0,False,False,0,0,1
6704,0,False,False,0,0,1
6705,0,False,False,0,0,1
6706,0,False,False,0,0,1
6707,0,False,False,0,0,1
6708,0,False,False,0,0,1
6709,0,False,False,0,0,1
6710,0,False,False,0,0,1
6711,0,False,False,0,0,1
6712,0,False,False,0,1,1
6713,0,False,False,0,1,1
6714,0,False,False,0,0,1
6715,0,False,False,0,0,1
6716,0,False,False,0,0,1
6717,0,False,False,0,1,1
6718,0,False,False,0,0,1
6719,0,False,False,0,1,1
6720,0,False,False,0,1,1
6721,0,False,False,0,1,1
6722,0,False,False,0,1,1
6723,0,False,False,0,1,1
6724,0,False,False,0,0,1
6725,0,False,False,0,1,1
6726,0,False,False,0,1,1
6727,0,False,False,0,0,1
6728,0,False,False,0,0,1
6729,0,False,False,0,1,1
6730,0,False,False,0,0,1
6731,0,False,False,0,0,1
6732,0,False,False,0,0,1
6733,0,False,False,0,0,1
6734,0,False,False,0,1,1
6735,0,False,False,0,1,1
6736,0,False,False,0,0,1
6737,0,False,False,0,0,1
6738,0,False,False,0,1,1
6739,0,False,False,0,0,1
6740,0,False,False,0,0,1
6741,1,True,False,1,1,0
6742,1,True,False,1,1,0
6743,1,True,False,1,1,0
6744,1,True,False,1,0,0
6745,1,True,False,1,0,0
6746,1,True,False,1,0,0
6747,1,True,False,1,1,0
6748,1,True,False,1,1,0
6749,1,True,False,1,1,0
6750,1,True,False,1,1,0
6751,1,True,False,1,1,0
6752,1,True,False,1,1,0
6753,1,True,False,1,1,0
6754,1,True,False,1,0,0
6755,1,True,False,1,1,0
6756,1,True,False,1,1,0
6757,1,True,False,1,1,0
6758,1,True,False,1,0,0
6759,1,True,False,1,1,0
6760,1,True,False,1,1,0
6761,1,True,False,1,1,0
6762,1,True,False,1,1,0
6763,1,True,False,1,1,0
6764,1,True,False,1,0,0
6765,1,True,False,1,1,0
6766,1,True,False,1,0,0
6767,1,True,False,1,0,0
6768,1,True,False,1,0,0
6769,1,True,False,1,0,0
6770,1,True,False,1,0,0
6771,1,True,False,1,0,0
6772,1,True,False,1,0,0
6773,1,True,False,1,1,0
6774,1,True,False,1,0,0
6775,1,True,False,1,0,0
6776,1,True,False,1,0,0
6777,1,True,False,1,1,0
6778,1,True,False,1,1,0
6779,1,True,False,1,0,0
6780,1,True,False,1,1,0
6781,1,True,False,1,1,0
6782,1,True,False,1,0,0
6783,1,True,False,1,1,0
6784,1,True,False,1,1,0
6785,1,True,False,1,1,0
6786,1,True,False,1,0,0
6787,1,True,False,1,1,0
6788,1,True,False,1,0,0
6789,1,True,False,1,1,0
6790,1,True,False,1,0,0
6791,1,True,False,1,0,0
6792,1,True,False,1,1,0
6793,1,True,False,1,0,0
6794,1,True,False,1,1,0
6795,1,True,False,1,0,0
6796,1,True,False,1,0,0
6797,1,True,False,1,0,0
6798,1,True,False,1,1,0
6799,1,True,False,1,1,0
6800,1,True,False,1,0,0
6801,1,True,False,1,0,0
6802,1,True,False,1,0,0
6803,1,True,False,1,0,0
6804,1,True,False,1,0,0
6805,1,True,False,1,0,0
6806,1,True,False,1,0,0
6807,1,True,False,1,0,0
6808,1,True,False,1,0,0
6809,0,False,False,0,1,1
6810,0,False,False,0,0,1
6811,0,False,False,0,0,1
6812,0,False,False,0,1,1
6813,0,False,False,0,0,1
6814,0,False,False,0,0,1
6815,0,False,False,0,0,1
6816,0,False,False,0,1,1
6817,0,False,False,0,1,1
6818,0,False,False,0,0,1
6819,0,False,False,0,1,1
6820,0,False,False,0,0,1
6821,0,False,False,0,1,1
6822,0,False,False,0,0,1
6823,0,False,False,0,1,1
6824,0,False,False,0,1,1
6825,0,False,False,0,1,1
6826,0,False,False,0,1,1
6827,0,False,False,0,0,1
6828,0,False,False,0,1,1
6829,0,False,False,0,1,1
6830,0,False,False,0,1,1
6831,0,False,False,0,1,1
6832,0,False,False,0,0,1
6833,0,False,False,0,0,1
6834,0,False,False,0,0,1
6835,0,False,False,0,0,1
6836,0,False,False,0,0,1
6837,0,False,False,0,0,1
6838,0,False,False,0,0,1
6839,0,False,False,0,0,1
6840,0,False,False,0,0,1
6841,0,False,False,0,0,1
6842,0,False,False,0,1,1
6843,0,False,False,0,1,1
6844,0,False,False,0,0,1
6845,0,False,False,0,0,1
6846,0,False,False,0,0,1
6847,0,False,False,0,1,1
6848,0,False,False,0,0,1
6849,0,False,False,0,1,1
6850,0,False,False,0,1,1
6851,0,False,False,0,1,1
6852,0,False,False,0,1,1
6853,0,False,False,0,1,1
6854,0,False,False,0,0,1
6855,0,False,False,0,1,1
6856,0,False,False,0,1,1
6857,0,False,False,0,0,1
6858,0,False,False,0,0,1
6859,0,False,False,0,1,1
6860,0,False,False,0,0,1
6861,0,False,False,0,0,1
6862,0,False,False,0,0,1
6863,0,False,False,0,0,1
6864,0,False,False,0,1,1
6865,0,False,False,0,1,1
6866,0,False,False,0,0,1
6867,0,False,False,0,0,1
6868,0,False,False,0,1,1
6869,0,False,False,0,0,1
6870,0,False,False,0,0,1
6871,1,True,False,1,1,0
6872,1,True,False,1,1,0
6873,1,True,False,1,1,0
6874,1,True,False,1,0,0
6875,1,True,False,1,0,0
6876,1,True,False,1,0,0
6877,1,True,False,1,1,0
6878,1,True,False,1,1,0
6879,1,True,False,1,1,0
6880,1,True,False,1,1,0
6881,1,True,False,1,1,0
6882,1,True,False,1,1,0
6883,1,True,False,1,1,0
6884,1,True,False,1,0,0
6885,1,True,False,1,1,0
6886,1,True,False,1,1,0
6887,1,True,False,1,1,0
6888,1,True,False,1,0,0
6889,1,True,False,1,1,0
6890,1,True,False,1,1,0
6891,1,True,False,1,1,0
6892,1,True,False,1,1,0
6893,1,True,False,1,1,0
6894,1,True,False,1,0,0
6895,1,True,False,1,1,0
6896,1,True,False,1,0,0
6897,1,True,False,1,0,0
6898,1,True,False,1,0,0
6899,1,True,False,1,0,0
6900,1,True,False,1,0,0
6901,1,True,False,1,0,0
6902,1,True,False,1,0,0
6903,1,True,False,1,1,0
6904,1,True,False,1,0,0
6905,1,True,False,1,0,0
6906,1,True,False,1,0,0
6907,1,True,False,1,1,0
6908,1,True,False,1,1,0
6909,1,True,False,1,0,0
6910,1,True,False,1,1,0
6911,1,True,False,1,1,0
6912,1,True,False,1,0,0
6913,1,True,False,1,1,0
6914,1,True,False,1,1,0
6915,1,True,False,1,1,0
6916,1,True,False,1,0,0
6917,1,True,False,1,1,0
6918,1,True,False,1,0,0
6919,1,True,False,1,1,0
6920,1,True,False,1,0,0
6921,1,True,False,1,0,0
6922,1,True,False,1,1,0
6923,1,True,False,1,0,0
6924,1,True,False,1,1,0
6925,1,True,False,1,0,0
6926,1,True,False,1,0,0
6927,1,True,False,1,0,0
6928,1,True,False,1,1,0
6929,1,True,False,1,1,0
6930,1,True,False,1,0,0
6931,1,True,False,1,0,0
6932,1,True,False,1,0,0
6933,1,True,False,1,0,0
6934,1,True,False,1,0,0
6935,1,True,False,1,0,0
6936,1,True,False,1,0,0
6937,1,True,False,1,0,0
6938,1,True,False,1,0,0
6939,0,False,False,0,1,1
6940,0,False,False,0,0,1
6941,0,False,False,0,0,1
6942,0,False,False,0,1,1
6943,0,False,False,0,0,1
6944,0,False,False,0,0,1
6945,0,False,False,0,0,1
6946,0,False,False,0,1,1
6947,0,False,False,0,1,1
6948,0,False,False,0,0,1
6949,0,False,False,0,1,1
6950,0,False,False,0,0,1
6951,0,False,False,0,1,1
6952,0,False,False,0,0,1
6953,0,False,False,0,1,1
6954,0,False,False,0,1,1
6955,0,False,False,0,1,1
6956,0,False,False,0,1,1
6957,0,False,False,0,0,1
6958,0,False,False,0,1,1
6959,0,False,False,0,1,1
6960,0,False,False,0,1,1
6961,0,False,False,0,1,1
6962,0,False,False,0,0,1
6963,0,False,False,0,0,1
6964,0,False,False,0,0,1
6965,0,False,False,0,0,1
6966,0,False,False,0,0,1
6967,0,False,False,0,0,1
6968,0,False,False,0,0,1
6969,0,False,False,0,0,1
6970,0,False,False,0,0,1
6971,0,False,False,0,0,1
6972,0,False,False,0,1,1
6973,0,False,False,0,1,1
6974,0,False,False,0,0,1
6975,0,False,False,0,0,1
6976,0,False,False,0,0,1
6977,0,False,False,0,1,1
6978,0,False,False,0,0,1
6979,0,False,False,0,1,1
6980,0,False,False,0,1,1
6981,0,False,False,0,1,1
6982,0,False,False,0,1,1
6983,0,False,False,0,1,1
6984,0,False,False,0,0,1
6985,0,False,False,0,1,1
6986,0,False,False,0,1,1
6987,0,False,False,0,0,1
6988,0,False,False,0,0,1
6989,0,False,False,0,1,1
6990,0,False,False,0,0,1
6991,0,False,False,0,0,1
6992,0,False,False,0,0,1
6993,0,False,False,0,0,1
6994,0,False,False,0,1,1
6995,0,False,False,0,1,1
6996,0,False,False,0,0,1
6997,0,False,False,0,0,1
6998,0,False,False,0,1,1
6999,0,False,False,0,0,1
7000,0,False,False,0,0,1
7001,1,True,False,1,1,0
7002,1,True,False,1,1,0
7003,1,True,False,1,1,0
7004,1,True,False,1,0,0
7005,1,True,False,1,0,0
7006,1,True,False,1,0,0
7007,1,True,False,1,1,0
7008,1,True,False,1,1,0
7009,1,True,False,1,1,0
7010,1,True,False,1,1,0
7011,1,True,False,1,1,0
7012,1,True,False,1,1,0
7013,1,True,False,1,1,0
7014,1,True,False,1,0,0
7015,1,True,False,1,1,0
7016,1,True,False,1,1,0
7017,1,True,False,1,1,0
7018,1,True,False,1,0,0
7019,1,True,False,1,1,0
7020,1,True,False,1,1,0
7021,1,True,False,1,1,0
7022,1,True,False,1,1,0
7023,1,True,False,1,1,0
7024,1,True,False,1,0,0
7025,1,True,False,1,1,0
7026,1,True,False,1,0,0
7027,1,True,False,1,0,0
7028,1,True,False,1,0,0
7029,1,True,False,1,0,0
7030,1,True,False,1,0,0
7031,1,True,False,1,0,0
7032,1,True,False,1,0,0
7033,1,True,False,1,1,0
7034,1,True,False,1,0,0
7035,1,True,False,1,0,0
7036,1,True,False,1,0,0
7037,1,True,False,1,1,0
7038,1,True,False,1,1,0
7039,1,True,False,1,0,0
7040,1,True,False,1,1,0
7041,1,True,False,1,1,0
7042,1,True,False,1,0,0
7043,1,True,False,1,1,0
7044,1,True,False,1,1,0
7045,1,True,False,1,1,0
7046,1,True,False,1,0,0
7047,1,True,False,1,1,0
7048,1,True,False,1,0,0
7049,1,True,False,1,1,0
7050,1,True,False,1,0,0
7051,1,True,False,1,0,0
7052,1,True,False,1,1,0
7053,1,True,False,1,0,0
7054,1,True,False,1,1,0
7055,1,True,False,1,0,0
7056,1,True,False,1,0,0
7057,1,True,False,1,0,0
7058,1,True,False,1,1,0
7059,1,True,False,1,1,0
7060,1,True,False,1,0,0
7061,1,True,False,1,0,0
7062,1,True,False,1,0,0
7063,1,True,False,1,0,0
7064,1,True,False,1,0,0
7065,1,True,False,1,0,0
7066,1,True,False,1,0,0
7067,1,True,False,1,0,0
7068,1,True,False,1,0,0
7069,0,False,False,0,1,1
7070,0,False,False,0,0,1
7071,0,False,False,0,0,1
7072,0,False,False,0,1,1
7073,0,False,False,0,0,1
7074,0,False,False,0,0,1
7075,0,False,False,0,0,1
7076,0,False,False,0,1,1
7077,0,False,False,0,1,1
7078,0,False,False,0,0,1
7079,0,False,False,0,1,1
7080,0,False,False,0,0,1
7081,0,False,False,0,1,1
7082,0,False,False,0,0,1
7083,0,False,False,0,1,1
7084,0,False,False,0,1,1
7085,0,False,False,0,1,1
7086,0,False,False,0,1,1
7087,0,False,False,0,0,1
7088,0,False,False,0,1,1
7089,0,False,False,0,1,1
7090,0,False,False,0,1,1
7091,0,False,False,0,1,1
7092,0,False,False,0,0,1
7093,0,False,False,0,0,1
7094,0,False,False,0,0,1
7095,0,False,False,0,0,1
7096,0,False,False,0,0,1
7097,0,False,False,0,0,1
7098,0,False,False,0,0,1
7099,0,False,False,0,0,1
7100,0,False,False,0,0,1
7101,0,False,False,0,0,1
7102,0,False,False,0,1,1
7103,0,False,False,0,1,1
7104,0,False,False,0,0,1
7105,0,False,False,0,0,1
7106,0,False,False,0,0,1
7107,0,False,False,0,1,1
7108,0,False,False,0,0,1
7109,0,False,False,0,1,1
7110,0,False,False,0,1,1
7111,0,False,False,0,1,1
7112,0,False,False,0,1,1
7113,0,False,False,0,1,1
7114,0,False,False,0,0,1
7115,0,False,False,0,1,1
7116,0,False,False,0,1,1
7117,0,False,False,0,0,1
7118,0,False,False,0,0,1
7119,0,False,False,0,1,1
7120,0,False,False,0,0,1
7121,0,False,False,0,0,1
7122,0,False,False,0,0,1
7123,0,False,False,0,0,1
7124,0,False,False,0,1,1
7125,0,False,False,0,1,1
7126,0,False,False,0,0,1
7127,0,False,False,0,0,1
7128,0,False,False,0,1,1
7129,0,False,False,0,0,1
7130,0,False,False,0,0,1
7131,1,True,False,1,1,0
7132,1,True,False,1,1,0
7133,1,True,False,1,1,0
7134,1,True,False,1,0,0
7135,1,True,False,1,0,0
7136,1,True,False,1,0,0
7137,1,True,False,1,1,0
7138,1,True,False,1,1,0
7139,1,True,False,1,1,0
7140,1,True,False,1,1,0
7141,1,True,False,1,1,0
7142,1,True,False,1,1,0
7143,1,True,False,1,1,0
7144,1,True,False,1,0,0
7145,1,True,False,1,1,0
7146,1,True,False,1,1,0
7147,1,True,False,1,1,0
7148,1,True,False,1,0,0
7149,1,True,False,1,1,0
7150,1,True,False,1,1,0
7151,1,True,False,1,1,0
7152,1,True,False,1,1,0
7153,1,True,False,1,1,0
7154,1,True,False,1,0,0
7155,1,True,False,1,1,0
7156,1,True,False,1,0,0
7157,1,True,False,1,0,0
7158,1,True,False,1,0,0
7159,1,True,False,1,0,0
7160,1,True,False,1,0,0
7161,1,True,False,1,0,0
7162,1,True,False,1,0,0
7163,1,True,False,1,1,0
7164,1,True,False,1,0,0
7165,1,True,False,1,0,0
7166,1,True,False,1,0,0
7167,1,True,False,1,1,0
7168,1,True,False,1,1,0
7169,1,True,False,1,0,0
7170,1,True,False,1,1,0
7171,1,True,False,1,1,0
7172,1,True,False,1,0,0
7173,1,True,False,1,1,0
7174,1,True,False,1,1,0
7175,1,True,False,1,1,0
7176,1,True,False,1,0,0
7177,1,True,False,1,1,0
7178,1,True,False,1,0,0
7179,1,True,False,1,1,0
7180,1,True,False,1,0,0
7181,1,True,False,1,0,0
7182,1,True,False,1,1,0
7183,1,True,False,1,0,0
7184,1,True,False,1,1,0
7185,1,True,False,1,0,0
7186,1,True,False,1,0,0
7187,1,True,False,1,0,0
7188,1,True,False,1,1,0
7189,1,True,False,1,1,0
7190,1,True,False,1,0,0
7191,1,True,False,1,0,0
7192,1,True,False,1,0,0
7193,1,True,False,1,0,0
7194,1,True,False,1,0,0
7195,1,True,False,1,0,0
7196,1,True,False,1,0,0
7197,1,True,False,1,0,0
7198,1,True,False,1,0,0
7199,0,False,False,0,0,1
7200,0,False,False,0,1,1
7201,0,False,False,0,0,1
7202,0,False,False,0,1,1
7203,0,False,False,0,1,1
7204,0,False,False,0,1,1
7205,0,False,False,0,0,1
7206,0,False,False,0,0,1
7207,0,False,False,0,1,1
7208,0,False,False,0,0,1
7209,0,False,False,0,1,1
7210,0,False,False,0,1,1
7211,0,False,False,0,1,1
7212,0,False,False,0,1,1
7213,0,False,False,0,1,1
7214,0,False,False,0,0,1
7215,0,False,False,0,0,1
7216,0,False,False,0,1,1
7217,0,False,False,0,1,1
7218,0,False,False,0,1,1
7219,0,False,False,0,0,1
7220,0,False,False,0,1,1
7221,0,False,False,0,1,1
7222,0,False,False,0,0,1
7223,0,False,False,0,1,1
7224,0,False,False,0,1,1
7225,0,False,False,0,1,1
7226,0,False,False,0,1,1
7227,0,False,False,0,1,1
7228,0,False,False,0,1,1
7229,0,False,False,0,1,1
7230,0,False,False,0,1,1
7231,0,False,False,0,1,1
7232,0,False,False,0,1,1
7233,0,False,False,0,1,1
7234,0,False,False,0,1,1
7235,0,False,False,0,1,1
7236,0,False,False,0,1,1
7237,0,False,False,0,1,1
7238,0,False,False,0,1,1
7239,0,False,False,0,1,1
7240,0,False,False,0,1,1
7241,0,False,False,0,1,1
7242,0,False,False,0,1,1
7243,0,False,False,0,1,1
7244,0,False,False,0,1,1
7245,0,False,False,0,1,1
7246,0,False,False,0,1,1
7247,0,False,False,0,1,1
7248,0,False,False,0,1,1
7249,0,False,False,0,1,1
7250,0,False,False,0,1,1
7251,0,False,False,0,1,1
7252,0,False,False,0,1,1
7253,0,False,False,0,0,1
7254,0,False,False,0,1,1
7255,0,False,False,0,1,1
7256,0,False,False,0,1,1
7257,0,False,False,0,1,1
7258,0,False,False,0,1,1
7259,0,False,False,0,1,1
7260,0,False,False,0,1,1
7261,0,False,False,0,1,1
7262,0,False,False,0,1,1
7263,0,False,False,0,1,1
7264,0,False,False,0,1,1
7265,0,False,False,0,1,1
7266,0,False,False,0,0,1
7267,0,False,False,0,1,1
7268,0,False,False,0,1,1
7269,0,False,False,0,1,1
7270,0,False,False,0,1,1
7271,0,False,False,0,1,1
7272,0,False,False,0,1,1
7273,0,False,False,0,1,1
7274,0,False,False,0,1,1
7275,0,False,False,0,1,1
7276,0,False,False,0,1,1
7277,0,False,False,0,1,1
7278,0,False,False,0,1,1
7279,0,False,False,0,1,1
7280,0,False,False,0,1,1
7281,0,False,False,0,1,1
7282,0,False,False,0,1,1
7283,0,False,False,0,1,1
7284,0,False,False,0,1,1
7285,0,False,False,0,1,1
7286,0,False,False,0,1,1
7287,0,False,False,0,1,1
7288,0,False,False,0,1,1
7289,0,False,False,0,1,1
7290,0,False,False,0,1,1
7291,0,False,False,0,1,1
7292,0,False,False,0,1,1
7293,0,False,False,0,1,1
7294,0,False,False,0,1,1
7295,0,False,False,0,1,1
7296,0,False,False,0,1,1
7297,0,False,False,0,1,1
7298,0,False,False,0,1,1
7299,0,False,False,0,0,1
7300,0,False,False,0,1,1
7301,0,False,False,0,1,1
7302,0,False,False,0,1,1
7303,0,False,False,0,1,1
7304,0,False,False,0,1,1
7305,0,False,False,0,0,1
7306,0,False,False,0,1,1
7307,0,False,False,0,1,1
7308,0,False,False,0,1,1
7309,0,False,False,0,1,1
7310,0,False,False,0,1,1
7311,0,False,False,0,1,1
7312,0,False,False,0,1,1
7313,0,False,False,0,1,1
7314,0,False,False,0,1,1
7315,0,False,False,0,1,1
7316,0,False,False,0,1,1
7317,0,False,False,0,1,1
7318,0,False,False,0,1,1
7319,0,False,False,0,1,1
7320,0,False,False,0,1,1
7321,0,False,False,0,0,1
7322,0,False,False,0,1,1
7323,0,False,False,0,1,1
7324,0,False,False,0,1,1
7325,0,False,False,0,1,1
7326,0,False,False,0,1,1
7327,0,False,False,0,1,1
7328,0,False,False,0,1,1
7329,0,False,False,0,1,1
7330,0,False,False,0,1,1
7331,0,False,False,0,1,1
7332,0,False,False,0,1,1
7333,0,False,False,0,1,1
7334,0,False,False,0,1,1
7335,0,False,False,0,1,1
7336,0,False,False,0,1,1
7337,0,False,False,0,1,1
7338,0,False,False,0,1,1
7339,0,False,False,0,1,1
7340,0,False,False,0,1,1
7341,0,False,False,0,1,1
7342,0,False,False,0,1,1
7343,0,False,False,0,1,1
7344,0,False,False,0,1,1
7345,0,False,False,0,1,1
7346,0,False,False,0,1,1
7347,0,False,False,0,1,1
7348,0,False,False,0,1,1
7349,0,False,False,0,1,1
7350,0,False,False,0,1,1
7351,0,False,False,0,1,1
7352,0,False,False,0,1,1
7353,0,False,False,0,1,1
7354,0,False,False,0,1,1
7355,0,False,False,0,1,1
7356,0,False,False,0,1,1
7357,0,False,False,0,1,1
7358,0,False,False,0,1,1
7359,0,False,False,0,1,1
7360,0,False,False,0,1,1
7361,0,False,False,0,1,1
7362,0,False,False,0,1,1
7363,0,False,False,0,1,1
7364,0,False,False,0,1,1
7365,0,False,False,0,1,1
7366,0,False,False,0,1,1
7367,0,False,False,0,1,1
7368,0,False,False,0,1,1
7369,0,False,False,0,1,1
7370,0,False,False,0,1,1
7371,0,False,False,0,1,1
7372,0,False,False,0,1,1
7373,0,False,False,0,1,1
7374,0,False,False,0,0,1
7375,0,False,False,0,1,1
7376,0,False,False,0,1,1
7377,0,False,False,0,1,1
7378,0,False,False,0,1,1
7379,0,False,False,0,1,1
7380,0,False,False,0,1,1
7381,0,False,False,0,1,1
7382,0,False,False,0,1,1
7383,0,False,False,0,1,1
7384,0,False,False,0,1,1
7385,0,False,False,0,1,1
7386,0,False,False,0,1,1
7387,0,False,False,0,1,1
7388,0,False,False,0,1,1
7389,0,False,False,0,0,1
7390,0,False,False,0,1,1
7391,0,False,False,0,1,1
7392,0,False,False,0,1,1
7393,0,False,False,0,1,1
7394,0,False,False,0,1,1
7395,0,False,False,0,1,1
7396,0,False,False,0,1,1
7397,0,False,False,0,1,1
7398,0,False,False,0,1,1
7399,0,False,False,0,1,1
7400,0,False,False,0,1,1
7401,0,False,False,0,0,1
7402,0,False,False,0,1,1
7403,0,False,False,0,1,1
7404,0,False,False,0,1,1
7405,0,False,False,0,0,1
7406,0,False,False,0,0,1
7407,0,False,False,0,1,1
7408,0,False,False,0,1,1
7409,0,False,False,0,1,1
7410,0,False,False,0,1,1
7411,0,False,False,0,1,1
7412,0,False,False,0,1,1
7413,0,False,False,0,1,1
7414,0,False,False,0,1,1
7415,0,False,False,0,1,1
7416,0,False,False,0,1,1
7417,0,False,False,0,1,1
7418,0,False,False,0,0,1
7419,0,False,False,0,1,1
7420,0,False,False,0,1,1
7421,0,False,False,0,1,1
7422,0,False,False,0,1,1
7423,0,False,False,0,1,1
7424,0,False,False,0,1,1
7425,0,False,False,0,1,1
7426,0,False,False,0,1,1
7427,0,False,False,0,1,1
7428,0,False,False,0,1,1
7429,0,False,False,0,1,1
7430,0,False,False,0,1,1
7431,0,False,False,0,0,1
7432,0,False,False,0,1,1
7433,0,False,False,0,1,1
7434,0,False,False,0,1,1
7435,0,False,False,0,1,1
7436,0,False,False,0,1,1
7437,0,False,False,0,1,1
7438,0,False,False,0,1,1
7439,0,False,False,0,1,1
7440,0,False,False,0,1,1
7441,0,False,False,0,1,1
7442,0,False,False,0,1,1
7443,0,False,False,0,1,1
7444,0,False,False,0,1,1
7445,0,False,False,0,1,1
7446,0,False,False,0,1,1
7447,0,False,False,0,1,1
7448,0,False,False,0,1,1
7449,0,False,False,0,1,1
7450,0,False,False,0,1,1
7451,0,False,False,0,1,1
7452,0,False,False,0,1,1
7453,0,False,False,0,1,1
7454,0,False,False,0,1,1
7455,0,False,False,0,1,1
7456,0,False,False,0,1,1
7457,0,False,False,0,0,1
7458,0,False,False,0,1,1
7459,0,False,False,0,1,1
7460,0,False,False,0,1,1
7461,0,False,False,0,1,1
7462,0,False,False,0,1,1
7463,0,False,False,0,1,1
7464,0,False,False,0,1,1
7465,0,False,False,0,1,1
7466,0,False,False,0,1,1
7467,0,False,False,0,1,1
7468,0,False,False,0,1,1
7469,0,False,False,0,1,1
7470,0,False,False,0,1,1
7471,0,False,False,0,1,1
7472,0,False,False,0,1,1
7473,0,False,False,0,1,1
7474,0,False,False,0,1,1
7475,0,False,False,0,1,1
7476,0,False,False,0,1,1
7477,0,False,False,0,1,1
7478,0,False,False,0,1,1
7479,0,False,False,0,1,1
7480,0,False,False,0,1,1
7481,0,False,False,0,1,1
7482,0,False,False,0,1,1
7483,0,False,False,0,1,1
7484,0,False,False,0,1,1
7485,0,False,False,0,1,1
7486,0,False,False,0,1,1
7487,0,False,False,0,1,1
7488,0,False,False,0,1,1
7489,0,False,False,0,1,1
7490,0,False,False,0,1,1
7491,0,False,False,0,1,1
7492,0,False,False,0,1,1
7493,0,False,False,0,1,1
7494,0,False,False,0,1,1
7495,0,False,False,0,1,1
7496,0,False,False,0,1,1
7497,0,False,False,0,1,1
7498,0,False,False,0,1,1
7499,0,False,False,0,1,1
7500,0,False,False,0,1,1
7501,0,False,False,0,1,1
7502,0,False,False,0,1,1
7503,0,False,False,0,1,1
7504,0,False,False,0,1,1
7505,0,False,False,0,1,1
7506,0,False,False,0,1,1
7507,0,False,False,0,1,1
7508,0,False,False,0,1,1
7509,0,False,False,0,1,1
7510,0,False,False,0,1,1
7511,0,False,False,0,1,1
7512,0,False,False,0,1,1
7513,0,False,False,0,1,1
7514,0,False,False,0,1,1
7515,0,False,False,0,1,1
7516,0,False,False,0,1,1
7517,0,False,False,0,1,1
7518,0,False,False,0,1,1
7519,0,False,False,0,1,1
7520,0,False,False,0,1,1
7521,0,False,False,0,0,1
7522,0,False,False,0,1,1
7523,0,False,False,0,1,1
7524,0,False,False,0,1,1
7525,0,False,False,0,1,1
7526,0,False,False,0,1,1
7527,0,False,False,0,1,1
7528,0,False,False,0,1,1
7529,0,False,False,0,1,1
7530,0,False,False,0,1,1
7531,0,False,False,0,1,1
7532,0,False,False,0,1,1
7533,0,False,False,0,1,1
7534,0,False,False,0,1,1
7535,0,False,False,0,1,1
7536,0,False,False,0,1,1
7537,0,False,False,0,1,1
7538,0,False,False,0,1,1
7539,0,False,False,0,1,1
7540,0,False,False,0,1,1
7541,0,False,False,0,1,1
7542,0,False,False,0,1,1
7543,0,False,False,0,1,1
7544,0,False,False,0,1,1
7545,0,False,False,0,1,1
7546,0,False,False,0,1,1
7547,0,False,False,0,1,1
7548,0,False,False,0,1,1
7549,0,False,False,0,1,1
7550,0,False,False,0,1,1
7551,0,False,False,0,1,1
7552,0,False,False,0,1,1
7553,0,False,False,0,1,1
7554,0,False,False,0,1,1
7555,0,False,False,0,1,1
7556,0,False,False,0,1,1
7557,0,False,False,0,1,1
7558,0,False,False,0,1,1
7559,0,False,False,0,1,1
7560,0,False,False,0,1,1
7561,0,False,False,0,1,1
7562,0,False,False,0,1,1
7563,0,False,False,0,1,1
7564,0,False,False,0,1,1
7565,0,False,False,0,1,1
7566,0,False,False,0,1,1
7567,0,False,False,0,1,1
7568,0,False,False,0,1,1
7569,0,False,False,0,1,1
7570,0,False,False,0,1,1
7571,0,False,False,0,1,1
7572,0,False,False,0,1,1
7573,0,False,False,0,1,1
7574,0,False,False,0,1,1
7575,0,False,False,0,1,1
7576,0,False,False,0,1,1
7577,0,False,False,0,1,1
7578,0,False,False,0,1,1
7579,0,False,False,0,1,1
7580,0,False,False,0,1,1
7581,0,False,False,0,1,1
7582,0,False,False,0,1,1
7583,0,False,False,0,1,1
7584,0,False,False,0,1,1
7585,0,False,False,0,1,1
7586,0,False,False,0,1,1
7587,0,False,False,0,1,1
7588,0,False,False,0,1,1
7589,0,False,False,0,1,1
7590,0,False,False,0,1,1
7591,0,False,False,0,1,1
7592,0,False,False,0,1,1
7593,0,False,False,0,1,1
7594,0,False,False,0,1,1
7595,0,False,False,0,1,1
7596,0,False,False,0,1,1
7597,0,False,False,0,1,1
7598,0,False,False,0,1,1
7599,0,False,False,0,1,1
7600,0,False,False,0,0,1
7601,0,False,False,0,1,1
7602,0,False,False,0,1,1
7603,0,False,False,0,1,1
7604,0,False,False,0,1,1
7605,0,False,False,0,1,1
7606,0,False,False,0,1,1
7607,0,False,False,0,0,1
7608,0,False,False,0,1,1
7609,0,False,False,0,1,1
7610,0,False,False,0,1,1
7611,0,False,False,0,1,1
7612,0,False,False,0,1,1
7613,0,False,False,0,1,1
7614,0,False,False,0,1,1
7615,0,False,False,0,1,1
7616,0,False,False,0,1,1
7617,0,False,False,0,1,1
7618,0,False,False,0,1,1
7619,0,False,False,0,1,1
7620,0,False,False,0,1,1
7621,0,False,False,0,1,1
7622,0,False,False,0,0,1
7623,0,False,False,0,1,1
7624,0,False,False,0,1,1
7625,0,False,False,0,1,1
7626,0,False,False,0,1,1
7627,0,False,False,0,1,1
7628,0,False,False,0,1,1
7629,0,False,False,0,1,1
7630,0,False,False,0,1,1
7631,0,False,False,0,1,1
7632,0,False,False,0,1,1
7633,0,False,False,0,1,1
7634,0,False,False,0,1,1
7635,0,False,False,0,1,1
7636,0,False,False,0,1,1
7637,0,False,False,0,1,1
7638,0,False,False,0,1,1
7639,0,False,False,0,1,1
7640,0,False,False,0,1,1
7641,0,False,False,0,1,1
7642,0,False,False,0,1,1
7643,0,False,False,0,1,1
7644,0,False,False,0,1,1
7645,0,False,False,0,1,1
7646,0,False,False,0,1,1
7647,0,False,False,0,1,1
7648,0,False,False,0,1,1
7649,0,False,False,0,1,1
7650,0,False,False,0,1,1
7651,0,False,False,0,1,1
7652,0,False,False,0,1,1
7653,0,False,False,0,1,1
7654,0,False,False,0,0,1
7655,0,False,False,0,0,1
7656,0,False,False,0,1,1
7657,0,False,False,0,0,1
7658,0,False,False,0,1,1
7659,0,False,False,0,1,1
7660,0,False,False,0,1,1
7661,0,False,False,0,1,1
7662,0,False,False,0,1,1
7663,0,False,False,0,0,1
7664,0,False,False,0,0,1
7665,0,False,False,0,0,1
7666,0,False,False,0,0,1
7667,0,False,False,0,0,1
7668,0,False,False,0,1,1
7669,0,False,False,0,1,1
7670,0,False,False,0,1,1
7671,0,False,False,0,1,1
7672,0,False,False,0,1,1
7673,0,False,False,0,0,1
7674,0,False,False,0,1,1
7675,0,False,False,0,1,1
7676,0,False,False,0,1,1
7677,0,False,False,0,1,1
7678,0,False,False,0,1,1
7679,0,False,False,0,1,1
7680,0,False,False,0,1,1
7681,0,False,False,0,1,1
7682,0,False,False,0,0,1
7683,0,False,False,0,0,1
7684,0,False,False,0,1,1
7685,0,False,False,0,1,1
7686,0,False,False,0,1,1
7687,0,False,False,0,0,1
7688,0,False,False,0,1,1
7689,0,False,False,0,1,1
7690,0,False,False,0,1,1
7691,0,False,False,0,1,1
7692,0,False,False,0,1,1
7693,0,False,False,0,1,1
7694,0,False,False,0,1,1
7695,0,False,False,0,1,1
7696,0,False,False,0,1,1
7697,0,False,False,0,1,1
7698,0,False,False,0,0,1
7699,0,False,False,0,0,1
7700,0,False,False,0,1,1
7701,0,False,False,0,1,1
7702,0,False,False,0,1,1
7703,0,False,False,0,1,1
7704,0,False,False,0,1,1
7705,0,False,False,0,1,1
7706,0,False,False,0,0,1
7707,0,False,False,0,1,1
7708,0,False,False,0,1,1
7709,0,False,False,0,1,1
7710,0,False,False,0,1,1
7711,0,False,False,0,1,1
7712,0,False,False,0,1,1
7713,0,False,False,0,1,1
7714,0,False,False,0,1,1
7715,0,False,False,0,0,1
7716,0,False,False,0,1,1
7717,0,False,False,0,1,1
7718,0,False,False,0,1,1
7719,0,False,False,0,0,1
7720,0,False,False,0,1,1
7721,0,False,False,0,1,1
7722,0,False,False,0,0,1
7723,0,False,False,0,1,1
7724,0,False,False,0,1,1
7725,0,False,False,0,0,1
7726,0,False,False,0,1,1
7727,0,False,False,0,0,1
7728,0,False,False,0,1,1
7729,0,False,False,0,1,1
7730,0,False,False,0,0,1
7731,0,False,False,0,1,1
7732,0,False,False,0,1,1
7733,0,False,False,0,1,1
7734,0,False,False,0,1,1
7735,0,False,False,0,0,1
7736,0,False,False,0,1,1
7737,0,False,False,0,1,1
7738,0,False,False,0,1,1
7739,0,False,False,0,0,1
7740,0,False,False,0,1,1
7741,0,False,False,0,1,1
7742,0,False,False,0,1,1
7743,0,False,False,0,1,1
7744,0,False,False,0,1,1
7745,0,False,False,0,1,1
7746,0,False,False,0,1,1
7747,0,False,False,0,1,1
7748,0,False,False,0,1,1
7749,0,False,False,0,1,1
7750,0,False,False,0,1,1
7751,0,False,False,0,1,1
7752,0,False,False,0,1,1
7753,0,False,False,0,1,1
7754,0,False,False,0,1,1
7755,0,False,False,0,1,1
7756,0,False,False,0,1,1
7757,0,False,False,0,1,1
7758,0,False,False,0,1,1
7759,0,False,False,0,1,1
7760,0,False,False,0,1,1
7761,0,False,False,0,1,1
7762,0,False,False,0,1,1
7763,0,False,False,0,1,1
7764,0,False,False,0,1,1
7765,0,False,False,0,1,1
7766,0,False,False,0,1,1
7767,0,False,False,0,1,1
7768,0,False,False,0,1,1
7769,0,False,False,0,1,1
7770,0,False,False,0,1,1
7771,0,False,False,0,1,1
7772,0,False,False,0,1,1
7773,0,False,False,0,1,1
7774,0,False,False,0,1,1
7775,0,False,False,0,1,1
7776,0,False,False,0,1,1
7777,0,False,False,0,1,1
7778,0,False,False,0,1,1
7779,0,False,False,0,1,1
7780,0,False,False,0,1,1
7781,0,False,False,0,1,1
7782,0,False,False,0,1,1
7783,0,False,False,0,1,1
7784,0,False,False,0,1,1
7785,0,False,False,0,1,1
7786,0,False,False,0,1,1
7787,0,False,False,0,1,1
7788,0,False,False,0,1,1
7789,0,False,False,0,1,1
7790,0,False,False,0,1,1
7791,0,False,False,0,1,1
7792,0,False,False,0,1,1
7793,0,False,False,0,1,1
7794,0,False,False,0,1,1
7795,0,False,False,0,1,1
7796,0,False,False,0,1,1
7797,0,False,False,0,1,1
7798,0,False,False,0,0,1
7799,0,False,False,0,1,1
7800,0,False,False,0,1,1
7801,0,False,False,0,1,1
7802,0,False,False,0,1,1
7803,0,False,False,0,1,1
7804,0,False,False,0,1,1
7805,0,False,False,0,1,1
7806,0,False,False,0,1,1
7807,0,False,False,0,1,1
7808,0,False,False,0,1,1
7809,0,False,False,0,1,1
7810,0,False,False,0,1,1
7811,0,False,False,0,1,1
7812,0,False,False,0,0,1
7813,0,False,False,0,1,1
7814,0,False,False,0,1,1
7815,0,False,False,0,1,1
7816,0,False,False,0,1,1
7817,0,False,False,0,1,1
7818,0,False,False,0,1,1
7819,0,False,False,0,1,1
7820,0,False,False,0,1,1
7821,0,False,False,0,1,1
7822,0,False,False,0,1,1
7823,0,False,False,0,1,1
7824,0,False,False,0,0,1
7825,0,False,False,0,1,1
7826,0,False,False,0,0,1
7827,0,False,False,0,1,1
7828,0,False,False,0,1,1
7829,0,False,False,0,1,1
7830,0,False,False,0,1,1
7831,0,False,False,0,1,1
7832,0,False,False,0,1,1
7833,0,False,False,0,1,1
7834,0,False,False,0,1,1
7835,0,False,False,0,1,1
7836,0,False,False,0,1,1
7837,0,False,False,0,1,1
7838,0,False,False,0,1,1
7839,0,False,False,0,1,1
7840,0,False,False,0,1,1
7841,0,False,False,0,1,1
7842,0,False,False,0,1,1
7843,0,False,False,0,1,1
7844,0,False,False,0,1,1
7845,0,False,False,0,0,1
7846,0,False,False,0,1,1
7847,0,False,False,0,1,1
7848,0,False,False,0,1,1
7849,0,False,False,0,1,1
7850,0,False,False,0,1,1
7851,0,False,False,0,1,1
7852,0,False,False,0,1,1
7853,0,False,False,0,1,1
7854,0,False,False,0,1,1
7855,0,False,False,0,0,1
7856,0,False,False,0,0,1
7857,0,False,False,0,1,1
7858,0,False,False,0,1,1
7859,0,False,False,0,1,1
7860,0,False,False,0,0,1
7861,0,False,False,0,1,1
7862,0,False,False,0,1,1
7863,0,False,False,0,1,1
7864,0,False,False,0,1,1
7865,0,False,False,0,1,1
7866,0,False,False,0,1,1
7867,0,False,False,0,1,1
7868,0,False,False,0,1,1
7869,0,False,False,0,1,1
7870,0,False,False,0,1,1
7871,0,False,False,0,1,1
7872,0,False,False,0,1,1
7873,0,False,False,0,1,1
7874,0,False,False,0,1,1
7875,0,False,False,0,1,1
7876,0,False,False,0,1,1
7877,0,False,False,0,1,1
7878,0,False,False,0,1,1
7879,0,False,False,0,1,1
7880,0,False,False,0,1,1
7881,0,False,False,0,1,1
7882,0,False,False,0,1,1
7883,0,False,False,0,1,1
7884,0,False,False,0,1,1
7885,0,False,False,0,1,1
7886,0,False,False,0,1,1
7887,0,False,False,0,1,1
7888,0,False,False,0,1,1
7889,0,False,False,0,1,1
7890,0,False,False,0,0,1
7891,0,False,False,0,1,1
7892,0,False,False,0,1,1
7893,0,False,False,0,1,1
7894,0,False,False,0,1,1
7895,0,False,False,0,1,1
7896,0,False,False,0,1,1
7897,0,False,False,0,1,1
7898,0,False,False,0,1,1
7899,0,False,False,0,1,1
7900,0,False,False,0,1,1
7901,0,False,False,0,1,1
7902,0,False,False,0,1,1
7903,0,False,False,0,1,1
7904,0,False,False,0,1,1
7905,0,False,False,0,1,1
7906,0,False,False,0,1,1
7907,0,False,False,0,1,1
7908,0,False,False,0,1,1
7909,0,False,False,0,1,1
7910,0,False,False,0,1,1
7911,0,False,False,0,1,1
7912,0,False,False,0,1,1
7913,0,False,False,0,1,1
7914,0,False,False,0,1,1
7915,0,False,False,0,1,1
7916,0,False,False,0,1,1
7917,0,False,False,0,1,1
7918,0,False,False,0,1,1
7919,0,False,False,0,1,1
7920,0,False,False,0,1,1
7921,0,False,False,0,1,1
7922,0,False,False,0,1,1
7923,0,False,False,0,1,1
7924,0,False,False,0,1,1
7925,0,False,False,0,1,1
7926,0,False,False,0,1,1
7927,0,False,False,0,1,1
7928,0,False,False,0,1,1
7929,0,False,False,0,1,1
7930,0,False,False,0,1,1
7931,0,False,False,0,1,1
7932,0,False,False,0,1,1
7933,0,False,False,0,1,1
7934,0,False,False,0,1,1
7935,0,False,False,0,1,1
7936,0,False,False,0,1,1
7937,0,False,False,0,1,1
7938,0,False,False,0,1,1
7939,0,False,False,0,1,1
7940,0,False,False,0,1,1
7941,0,False,False,0,1,1
7942,0,False,False,0,1,1
7943,0,False,False,0,1,1
7944,0,False,False,0,1,1
7945,0,False,False,0,1,1
7946,0,False,False,0,1,1
7947,0,False,False,0,1,1
7948,0,False,False,0,1,1
7949,0,False,False,0,1,1
7950,0,False,False,0,1,1
7951,0,False,False,0,1,1
7952,0,False,False,0,1,1
7953,0,False,False,0,1,1
7954,0,False,False,0,1,1
7955,0,False,False,0,1,1
7956,0,False,False,0,1,1
7957,0,False,False,0,1,1
7958,0,False,False,0,1,1
7959,0,False,False,0,1,1
7960,0,False,False,0,1,1
7961,0,False,False,0,1,1
7962,0,False,False,0,1,1
7963,0,False,False,0,1,1
7964,0,False,False,0,1,1
7965,0,False,False,0,1,1
7966,0,False,False,0,1,1
7967,0,False,False,0,1,1
7968,0,False,False,0,0,1
7969,0,False,False,0,0,1
7970,0,False,False,0,0,1
7971,0,False,False,0,1,1
7972,0,False,False,0,1,1
7973,0,False,False,0,1,1
7974,0,False,False,0,1,1
7975,0,False,False,0,1,1
7976,0,False,False,0,0,1
7977,0,False,False,0,1,1
7978,0,False,False,0,0,1
7979,0,False,False,0,1,1
7980,0,False,False,0,0,1
7981,0,False,False,0,0,1
7982,0,False,False,0,1,1
7983,0,False,False,0,1,1
7984,0,False,False,0,0,1
7985,0,False,False,0,1,1
7986,0,False,False,0,0,1
7987,0,False,False,0,1,1
7988,0,False,False,0,1,1
7989,0,False,False,0,0,1
7990,0,False,False,0,0,1
7991,0,False,False,0,1,1
7992,0,False,False,0,0,1
7993,0,False,False,0,0,1
7994,0,False,False,0,0,1
7995,0,False,False,0,0,1
7996,0,False,False,0,0,1
7997,0,False,False,0,0,1
7998,0,False,False,0,1,1
7999,0,False,False,0,1,1
8000,0,False,False,0,0,1
8001,0,False,False,0,1,1
8002,0,False,False,0,0,1
8003,0,False,False,0,0,1
8004,0,False,False,0,1,1
8005,0,False,False,0,1,1
8006,0,False,False,0,1,1
8007,0,False,False,0,0,1
8008,0,False,False,0,1,1
8009,0,False,False,0,0,1
8010,0,False,False,0,1,1
8011,0,False,False,0,1,1
8012,0,False,False,0,0,1
8013,0,False,False,0,1,1
8014,0,False,False,0,1,1
8015,0,False,False,0,0,1
8016,0,False,False,0,0,1
8017,0,False,False,0,0,1
8018,0,False,False,0,0,1
8019,0,False,False,0,0,1
8020,0,False,False,0,1,1
8021,0,False,False,0,0,1
8022,0,False,False,0,0,1
8023,0,False,False,0,0,1
8024,0,False,False,0,1,1
8025,0,False,False,0,0,1
8026,0,False,False,0,1,1
8027,0,False,False,0,1,1
8028,0,False,False,0,1,1
8029,0,False,False,0,0,1
8030,0,False,False,0,1,1
8031,0,False,False,0,0,1
8032,0,False,False,0,1,1
8033,0,False,False,0,1,1
8034,0,False,False,0,0,1
8035,0,False,False,0,0,1
8036,0,False,False,0,1,1
8037,0,False,False,0,0,1
8038,0,False,False,0,0,1
8039,0,False,False,0,1,1
8040,0,False,False,0,1,1
8041,0,False,False,0,1,1
8042,0,False,False,0,0,1
8043,0,False,False,0,0,1
8044,0,False,False,0,1,1
8045,0,False,False,0,0,1
8046,0,False,False,0,1,1
8047,0,False,False,0,0,1
8048,0,False,False,0,0,1
8049,0,False,False,0,1,1
8050,0,False,False,0,1,1
8051,0,False,False,0,1,1
8052,0,False,False,0,1,1
8053,0,False,False,0,1,1
8054,0,False,False,0,1,1
8055,0,False,False,0,0,1
8056,0,False,False,0,0,1
8057,0,False,False,0,0,1
8058,0,False,False,0,1,1
8059,0,False,False,0,0,1
8060,0,False,False,0,1,1
8061,0,False,False,0,0,1
8062,0,False,False,0,1,1
8063,0,False,False,0,0,1
8064,0,False,False,0,0,1
8065,0,False,False,0,0,1
8066,0,False,False,0,1,1
8067,0,False,False,0,0,1
8068,0,False,False,0,1,1
8069,0,False,False,0,1,1
8070,0,False,False,0,0,1
8071,0,False,False,0,0,1
8072,0,False,False,0,1,1
8073,0,False,False,0,1,1
8074,0,False,False,0,0,1
8075,0,False,False,0,1,1
8076,0,False,False,0,1,1
8077,0,False,False,0,0,1
8078,0,False,False,0,0,1
8079,0,False,False,0,0,1
8080,0,False,False,0,1,1
8081,0,False,False,0,0,1
8082,0,False,False,0,1,1
8083,0,False,False,0,1,1
8084,0,False,False,0,1,1
8085,0,False,False,0,0,1
8086,0,False,False,0,1,1
8087,0,False,False,0,0,1
8088,0,False,False,0,1,1
8089,0,False,False,0,1,1
8090,0,False,False,0,0,1
8091,0,False,False,0,1,1
8092,0,False,False,0,0,1
8093,0,False,False,0,1,1
8094,0,False,False,0,1,1
8095,0,False,False,0,1,1
8096,0,False,False,0,0,1
8097,0,False,False,0,0,1
8098,0,False,False,0,1,1
8099,0,False,False,0,0,1
8100,0,False,False,0,0,1
8101,0,False,False,0,0,1
8102,0,False,False,0,0,1
8103,0,False,False,0,1,1
8104,0,False,False,0,1,1
8105,0,False,False,0,1,1
8106,0,False,False,0,1,1
8107,0,False,False,0,0,1
8108,0,False,False,0,1,1
8109,0,False,False,0,0,1
8110,0,False,False,0,0,1
8111,0,False,False,0,0,1
8112,0,False,False,0,1,1
8113,0,False,False,0,1,1
8114,0,False,False,0,1,1
8115,0,False,False,0,0,1
8116,0,False,False,0,0,1
8117,0,False,False,0,1,1
8118,0,False,False,0,0,1
8119,0,False,False,0,0,1
8120,0,False,False,0,1,1
8121,0,False,False,0,0,1
8122,0,False,False,0,0,1
8123,0,False,False,0,1,1
8124,0,False,False,0,0,1
8125,0,False,False,0,0,1
8126,0,False,False,0,1,1
8127,0,False,False,0,0,1
8128,0,False,False,0,1,1
8129,0,False,False,0,1,1
8130,0,False,False,0,0,1
8131,0,False,False,0,0,1
8132,0,False,False,0,1,1
8133,0,False,False,0,1,1
8134,0,False,False,0,1,1
8135,0,False,False,0,0,1
8136,0,False,False,0,1,1
8137,0,False,False,0,0,1
8138,0,False,False,0,1,1
8139,0,False,False,0,0,1
8140,0,False,False,0,0,1
8141,0,False,False,0,0,1
8142,0,False,False,0,1,1
8143,0,False,False,0,1,1
8144,0,False,False,0,0,1
8145,0,False,False,0,0,1
8146,0,False,False,0,0,1
8147,0,False,False,0,0,1
8148,0,False,False,0,1,1
8149,0,False,False,0,1,1
8150,0,False,False,0,1,1
8151,0,False,False,0,0,1
8152,0,False,False,0,0,1
8153,0,False,False,0,0,1
8154,0,False,False,0,1,1
8155,0,False,False,0,0,1
8156,0,False,False,0,1,1
8157,0,False,False,0,0,1
8158,0,False,False,0,0,1
8159,0,False,False,0,0,1
8160,0,False,False,0,1,1
8161,0,False,False,0,0,1
8162,0,False,False,0,1,1
8163,0,False,False,0,0,1
8164,0,False,False,0,1,1
8165,0,False,False,0,1,1
8166,0,False,False,0,1,1
8167,0,False,False,0,1,1
8168,0,False,False,0,0,1
8169,0,False,False,0,0,1
8170,0,False,False,0,0,1
8171,0,False,False,0,0,1
8172,0,False,False,0,0,1
8173,0,False,False,0,0,1
8174,0,False,False,0,0,1
8175,0,False,False,0,1,1
8176,0,False,False,0,0,1
8177,0,False,False,0,1,1
8178,0,False,False,0,1,1
8179,0,False,False,0,1,1
8180,0,False,False,0,1,1
8181,0,False,False,0,0,1
8182,0,False,False,0,0,1
8183,0,False,False,0,0,1
8184,0,False,False,0,0,1
8185,0,False,False,0,0,1
8186,0,False,False,0,1,1
8187,0,False,False,0,0,1
8188,0,False,False,0,0,1
8189,0,False,False,0,1,1
8190,0,False,False,0,0,1
8191,0,False,False,0,1,1
8192,0,False,False,0,1,1
8193,0,False,False,0,0,1
8194,0,False,False,0,0,1
8195,0,False,False,0,0,1
8196,0,False,False,0,0,1
8197,0,False,False,0,1,1
8198,0,False,False,0,0,1
8199,0,False,False,0,0,1
8200,0,False,False,0,1,1
8201,0,False,False,0,1,1
8202,0,False,False,0,0,1
8203,0,False,False,0,1,1
8204,0,False,False,0,0,1
8205,0,False,False,0,0,1
8206,0,False,False,0,0,1
8207,0,False,False,0,1,1
8208,0,False,False,0,0,1
8209,0,False,False,0,1,1
8210,0,False,False,0,0,1
8211,0,False,False,0,0,1
8212,0,False,False,0,0,1
8213,0,False,False,0,0,1
8214,0,False,False,0,1,1
8215,0,False,False,0,0,1
8216,0,False,False,0,0,1
8217,0,False,False,0,0,1
8218,0,False,False,0,0,1
8219,0,False,False,0,0,1
8220,0,False,False,0,1,1
8221,0,False,False,0,0,1
8222,0,False,False,0,1,1
8223,0,False,False,0,0,1
8224,0,False,False,0,0,1
8225,0,False,False,0,0,1
8226,0,False,False,0,1,1
8227,0,False,False,0,1,1
8228,0,False,False,0,1,1
8229,0,False,False,0,0,1
8230,0,False,False,0,0,1
8231,0,False,False,0,1,1
8232,0,False,False,0,1,1
8233,0,False,False,0,0,1
8234,0,False,False,0,1,1
8235,0,False,False,0,1,1
8236,0,False,False,0,1,1
8237,0,False,False,0,1,1
8238,0,False,False,0,0,1
8239,0,False,False,0,0,1
8240,0,False,False,0,0,1
8241,0,False,False,0,0,1
8242,0,False,False,0,0,1
8243,0,False,False,0,1,1
8244,0,False,False,0,0,1
8245,0,False,False,0,1,1
8246,0,False,False,0,0,1
8247,0,False,False,0,1,1
8248,0,False,False,0,0,1
8249,0,False,False,0,0,1
8250,0,False,False,0,0,1
8251,0,False,False,0,0,1
8252,0,False,False,0,0,1
8253,0,False,False,0,0,1
8254,0,False,False,0,1,1
8255,0,False,False,0,0,1
8256,0,False,False,0,0,1
8257,0,False,False,0,0,1
8258,0,False,False,0,1,1
8259,0,False,False,0,0,1
8260,0,False,False,0,1,1
8261,0,False,False,0,0,1
8262,0,False,False,0,0,1
8263,0,False,False,0,0,1
8264,0,False,False,0,1,1
8265,0,False,False,0,0,1
8266,0,False,False,0,0,1
8267,0,False,False,0,0,1
8268,0,False,False,0,0,1
8269,0,False,False,0,1,1
8270,0,False,False,0,1,1
8271,0,False,False,0,0,1
8272,0,False,False,0,1,1
8273,0,False,False,0,0,1
8274,0,False,False,0,0,1
8275,0,False,False,0,1,1
8276,0,False,False,0,0,1
8277,0,False,False,0,0,1
8278,0,False,False,0,0,1
8279,0,False,False,0,0,1
8280,0,False,False,0,1,1
8281,0,False,False,0,0,1
8282,0,False,False,0,1,1
8283,0,False,False,0,0,1
8284,0,False,False,0,0,1
8285,0,False,False,0,0,1
8286,0,False,False,0,0,1
8287,0,False,False,0,0,1
8288,0,False,False,0,1,1
8289,0,False,False,0,0,1
8290,0,False,False,0,1,1
8291,0,False,False,0,0,1
8292,0,False,False,0,1,1
8293,0,False,False,0,0,1
8294,0,False,False,0,1,1
8295,0,False,False,0,0,1
8296,0,False,False,0,1,1
8297,0,False,False,0,1,1
8298,0,False,False,0,1,1
8299,0,False,False,0,0,1
8300,0,False,False,0,0,1
8301,0,False,False,0,0,1
8302,0,False,False,0,0,1
8303,0,False,False,0,1,1
8304,0,False,False,0,1,1
8305,0,False,False,0,1,1
8306,0,False,False,0,0,1
8307,0,False,False,0,0,1
8308,0,False,False,0,0,1
8309,0,False,False,0,1,1
8310,0,False,False,0,1,1
8311,0,False,False,0,0,1
8312,0,False,False,0,1,1
8313,0,False,False,0,0,1
8314,0,False,False,0,0,1
8315,0,False,False,0,0,1
8316,0,False,False,0,0,1
8317,0,False,False,0,0,1
8318,0,False,False,0,1,1
8319,0,False,False,0,0,1
8320,0,False,False,0,1,1
8321,0,False,False,0,0,1
8322,0,False,False,0,0,1
8323,0,False,False,0,0,1
8324,0,False,False,0,0,1
8325,0,False,False,0,1,1
8326,0,False,False,0,1,1
8327,0,False,False,0,0,1
8328,0,False,False,0,1,1
8329,0,False,False,0,0,1
8330,0,False,False,0,0,1
8331,0,False,False,0,1,1
8332,0,False,False,0,1,1
8333,0,False,False,0,0,1
8334,0,False,False,0,1,1
8335,0,False,False,0,1,1
8336,0,False,False,0,0,1
8337,0,False,False,0,0,1
8338,0,False,False,0,1,1
8339,0,False,False,0,0,1
8340,0,False,False,0,1,1
8341,0,False,False,0,0,1
8342,0,False,False,0,0,1
8343,0,False,False,0,0,1
8344,0,False,False,0,0,1
8345,0,False,False,0,1,1
8346,0,False,False,0,0,1
8347,0,False,False,0,1,1
8348,0,False,False,0,1,1
8349,0,False,False,0,1,1
8350,0,False,False,0,0,1
8351,0,False,False,0,0,1
8352,0,False,False,0,0,1
8353,0,False,False,0,0,1
8354,0,False,False,0,0,1
8355,0,False,False,0,0,1
8356,0,False,False,0,0,1
8357,0,False,False,0,0,1
8358,0,False,False,0,1,1
8359,0,False,False,0,1,1
8360,0,False,False,0,0,1
8361,0,False,False,0,1,1
8362,0,False,False,0,1,1
8363,0,False,False,0,0,1
8364,0,False,False,0,0,1
8365,0,False,False,0,1,1
8366,0,False,False,0,1,1
8367,0,False,False,0,0,1
8368,0,False,False,0,0,1
8369,0,False,False,0,0,1
8370,0,False,False,0,1,1
8371,0,False,False,0,0,1
8372,0,False,False,0,0,1
8373,0,False,False,0,1,1
8374,0,False,False,0,1,1
8375,0,False,False,0,0,1
8376,0,False,False,0,0,1
8377,0,False,False,0,1,1
8378,0,False,False,0,0,1
8379,0,False,False,0,0,1
8380,0,False,False,0,0,1
8381,0,False,False,0,0,1
8382,0,False,False,0,1,1
8383,0,False,False,0,0,1
8384,0,False,False,0,0,1
8385,0,False,False,0,1,1
8386,0,False,False,0,0,1
8387,0,False,False,0,0,1
8388,0,False,False,0,0,1
8389,0,False,False,0,1,1
8390,0,False,False,0,0,1
8391,0,False,False,0,0,1
8392,0,False,False,0,1,1
8393,0,False,False,0,1,1
8394,0,False,False,0,0,1
8395,0,False,False,0,1,1
8396,0,False,False,0,0,1
8397,0,False,False,0,1,1
8398,0,False,False,0,1,1
8399,0,False,False,0,1,1
8400,0,False,False,0,0,1
8401,0,False,False,0,0,1
8402,0,False,False,0,0,1
8403,0,False,False,0,1,1
8404,0,False,False,0,1,1
8405,0,False,False,0,0,1
8406,0,False,False,0,0,1
8407,0,False,False,0,0,1
8408,0,False,False,0,0,1
8409,0,False,False,0,1,1
8410,0,False,False,0,0,1
8411,0,False,False,0,1,1
8412,0,False,False,0,0,1
8413,0,False,False,0,0,1
8414,0,False,False,0,1,1
8415,0,False,False,0,1,1
8416,0,False,False,0,0,1
8417,0,False,False,0,0,1
8418,0,False,False,0,0,1
8419,0,False,False,0,1,1
8420,0,False,False,0,0,1
8421,0,False,False,0,0,1
8422,0,False,False,0,0,1
8423,0,False,False,0,1,1
8424,0,False,False,0,1,1
8425,0,False,False,0,0,1
8426,0,False,False,0,1,1
8427,0,False,False,0,0,1
8428,0,False,False,0,0,1
8429,0,False,False,0,1,1
8430,0,False,False,0,0,1
8431,0,False,False,0,0,1
8432,0,False,False,0,1,1
8433,0,False,False,0,1,1
8434,0,False,False,0,1,1
8435,0,False,False,0,0,1
8436,0,False,False,0,1,1
8437,0,False,False,0,1,1
8438,0,False,False,0,0,1
8439,0,False,False,0,0,1
8440,0,False,False,0,1,1
8441,0,False,False,0,1,1
8442,0,False,False,0,0,1
8443,0,False,False,0,1,1
8444,0,False,False,0,0,1
8445,0,False,False,0,0,1
8446,0,False,False,0,0,1
8447,0,False,False,0,0,1
8448,0,False,False,0,0,1
8449,0,False,False,0,0,1
8450,0,False,False,0,0,1
8451,0,False,False,0,1,1
8452,0,False,False,0,0,1
8453,0,False,False,0,0,1
8454,0,False,False,0,0,1
8455,0,False,False,0,0,1
8456,0,False,False,0,0,1
8457,0,False,False,0,0,1
8458,0,False,False,0,1,1
8459,0,False,False,0,1,1
8460,0,False,False,0,0,1
8461,0,False,False,0,0,1
8462,0,False,False,0,0,1
8463,0,False,False,0,0,1
8464,0,False,False,0,1,1
8465,0,False,False,0,0,1
8466,0,False,False,0,1,1
8467,0,False,False,0,0,1
8468,0,False,False,0,0,1
8469,0,False,False,0,1,1
8470,0,False,False,0,1,1
8471,0,False,False,0,1,1
8472,0,False,False,0,1,1
8473,0,False,False,0,0,1
8474,0,False,False,0,1,1
8475,0,False,False,0,0,1
8476,0,False,False,0,0,1
8477,0,False,False,0,1,1
8478,0,False,False,0,0,1
8479,0,False,False,0,0,1
8480,0,False,False,0,1,1
8481,0,False,False,0,0,1
8482,0,False,False,0,1,1
8483,0,False,False,0,1,1
8484,0,False,False,0,1,1
8485,0,False,False,0,0,1
8486,0,False,False,0,1,1
8487,0,False,False,0,0,1
8488,0,False,False,0,0,1
8489,0,False,False,0,1,1
8490,0,False,False,0,0,1
8491,0,False,False,0,1,1
8492,0,False,False,0,1,1
8493,0,False,False,0,0,1
8494,0,False,False,0,0,1
8495,0,False,False,0,0,1
8496,0,False,False,0,0,1
8497,0,False,False,0,0,1
8498,0,False,False,0,0,1
8499,0,False,False,0,1,1
8500,0,False,False,0,0,1
8501,0,False,False,0,1,1
8502,0,False,False,0,0,1
8503,0,False,False,0,1,1
8504,0,False,False,0,0,1
8505,0,False,False,0,0,1
8506,0,False,False,0,0,1
8507,0,False,False,0,1,1
8508,0,False,False,0,1,1
8509,0,False,False,0,0,1
8510,0,False,False,0,0,1
8511,0,False,False,0,1,1
8512,0,False,False,0,1,1
8513,0,False,False,0,1,1
8514,0,False,False,0,1,1
8515,0,False,False,0,1,1
8516,0,False,False,0,0,1
8517,0,False,False,0,0,1
8518,0,False,False,0,1,1
8519,0,False,False,0,1,1
8520,0,False,False,0,1,1
8521,0,False,False,0,0,1
8522,0,False,False,0,0,1
8523,0,False,False,0,1,1
8524,0,False,False,0,0,1
8525,0,False,False,0,0,1
8526,0,False,False,0,0,1
8527,0,False,False,0,0,1
8528,0,False,False,0,0,1
8529,0,False,False,0,0,1
8530,0,False,False,0,1,1
8531,0,False,False,0,1,1
8532,0,False,False,0,0,1
8533,0,False,False,0,1,1
8534,0,False,False,0,0,1
8535,0,False,False,0,0,1
8536,0,False,False,0,1,1
8537,0,False,False,0,1,1
8538,0,False,False,0,1,1
8539,0,False,False,0,1,1
8540,0,False,False,0,1,1
8541,0,False,False,0,0,1
8542,0,False,False,0,1,1
8543,0,False,False,0,0,1
8544,0,False,False,0,1,1
8545,0,False,False,0,0,1
8546,0,False,False,0,1,1
8547,0,False,False,0,1,1
8548,0,False,False,0,1,1
8549,0,False,False,0,0,1
8550,0,False,False,0,0,1
8551,0,False,False,0,0,1
8552,0,False,False,0,1,1
8553,0,False,False,0,1,1
8554,0,False,False,0,0,1
8555,0,False,False,0,0,1
8556,0,False,False,0,0,1
8557,0,False,False,0,0,1
8558,0,False,False,0,1,1
8559,0,False,False,0,0,1
8560,0,False,False,0,0,1
8561,0,False,False,0,1,1
8562,0,False,False,0,1,1
8563,0,False,False,0,0,1
8564,0,False,False,0,0,1
8565,0,False,False,0,0,1
8566,0,False,False,0,1,1
8567,0,False,False,0,0,1
8568,0,False,False,0,1,1
8569,0,False,False,0,0,1
8570,0,False,False,0,0,1
8571,0,False,False,0,0,1
8572,0,False,False,0,0,1
8573,0,False,False,0,0,1
8574,0,False,False,0,0,1
8575,0,False,False,0,1,1
8576,0,False,False,0,0,1
8577,0,False,False,0,0,1
8578,0,False,False,0,1,1
8579,0,False,False,0,0,1
8580,0,False,False,0,0,1
8581,0,False,False,0,1,1
8582,0,False,False,0,0,1
8583,0,False,False,0,0,1
8584,0,False,False,0,0,1
8585,0,False,False,0,1,1
8586,0,False,False,0,1,1
8587,0,False,False,0,0,1
8588,0,False,False,0,0,1
8589,0,False,False,0,0,1
8590,0,False,False,0,1,1
8591,0,False,False,0,0,1
8592,0,False,False,0,0,1
8593,0,False,False,0,1,1
8594,0,False,False,0,0,1
8595,0,False,False,0,0,1
8596,0,False,False,0,1,1
8597,0,False,False,0,0,1
8598,0,False,False,0,0,1
8599,0,False,False,0,0,1
8600,0,False,False,0,0,1
8601,0,False,False,0,0,1
8602,0,False,False,0,0,1
8603,0,False,False,0,0,1
8604,0,False,False,0,0,1
8605,0,False,False,0,1,1
8606,0,False,False,0,1,1
8607,0,False,False,0,1,1
8608,0,False,False,0,0,1
8609,0,False,False,0,1,1
8610,0,False,False,0,0,1
8611,0,False,False,0,0,1
8612,0,False,False,0,1,1
8613,0,False,False,0,1,1
8614,0,False,False,0,0,1
8615,0,False,False,0,1,1
8616,0,False,False,0,1,1
8617,0,False,False,0,0,1
8618,0,False,False,0,1,1
8619,0,False,False,0,1,1
8620,0,False,False,0,1,1
8621,0,False,False,0,0,1
8622,0,False,False,0,0,1
8623,0,False,False,0,1,1
8624,0,False,False,0,1,1
8625,0,False,False,0,1,1
8626,0,False,False,0,1,1
8627,0,False,False,0,0,1
8628,0,False,False,0,0,1
8629,0,False,False,0,1,1
8630,0,False,False,0,0,1
8631,0,False,False,0,0,1
8632,0,False,False,0,0,1
8633,0,False,False,0,0,1
8634,0,False,False,0,0,1
8635,0,False,False,0,1,1
8636,0,False,False,0,0,1
8637,0,False,False,0,0,1
8638,0,False,False,0,1,1
8639,0,False,False,0,0,1
8640,0,False,False,0,0,1
8641,0,False,False,0,1,1
8642,0,False,False,0,1,1
8643,0,False,False,0,0,1
8644,0,False,False,0,0,1
8645,0,False,False,0,0,1
8646,0,False,False,0,0,1
8647,0,False,False,0,1,1
8648,0,False,False,0,1,1
8649,0,False,False,0,0,1
8650,0,False,False,0,0,1
8651,0,False,False,0,0,1
8652,0,False,False,0,1,1
8653,0,False,False,0,1,1
8654,0,False,False,0,1,1
8655,0,False,False,0,0,1
8656,0,False,False,0,1,1
8657,0,False,False,0,0,1
8658,0,False,False,0,1,1
8659,0,False,False,0,1,1
8660,0,False,False,0,1,1
8661,0,False,False,0,1,1
8662,0,False,False,0,1,1
8663,0,False,False,0,1,1
8664,0,False,False,0,1,1
8665,0,False,False,0,0,1
8666,0,False,False,0,1,1
8667,0,False,False,0,1,1
8668,0,False,False,0,1,1
8669,0,False,False,0,1,1
8670,0,False,False,0,1,1
8671,0,False,False,0,0,1
8672,0,False,False,0,1,1
8673,0,False,False,0,1,1
8674,0,False,False,0,1,1
8675,0,False,False,0,0,1
8676,0,False,False,0,1,1
8677,0,False,False,0,0,1
8678,0,False,False,0,0,1
8679,0,False,False,0,0,1
8680,0,False,False,0,1,1
8681,0,False,False,0,1,1
8682,0,False,False,0,0,1
8683,0,False,False,0,0,1
8684,0,False,False,0,0,1
8685,0,False,False,0,0,1
8686,0,False,False,0,0,1
8687,0,False,False,0,1,1
8688,0,False,False,0,1,1
8689,0,False,False,0,1,1
8690,0,False,False,0,1,1
8691,0,False,False,0,0,1
8692,0,False,False,0,0,1
8693,0,False,False,0,1,1
8694,0,False,False,0,1,1
8695,0,False,False,0,1,1
8696,0,False,False,0,0,1
8697,0,False,False,0,0,1
8698,0,False,False,0,1,1
8699,0,False,False,0,0,1
8700,0,False,False,0,0,1
8701,0,False,False,0,0,1
8702,0,False,False,0,1,1
8703,0,False,False,0,1,1
8704,0,False,False,0,0,1
8705,0,False,False,0,1,1
8706,0,False,False,0,1,1
8707,0,False,False,0,1,1
8708,0,False,False,0,1,1
8709,0,False,False,0,0,1
8710,0,False,False,0,1,1
8711,0,False,False,0,0,1
8712,0,False,False,0,1,1
8713,0,False,False,0,1,1
8714,0,False,False,0,0,1
8715,0,False,False,0,1,1
8716,0,False,False,0,1,1
8717,0,False,False,0,1,1
8718,0,False,False,0,1,1
8719,0,False,False,0,1,1
8720,0,False,False,0,0,1
8721,0,False,False,0,0,1
8722,0,False,False,0,1,1
8723,0,False,False,0,1,1
8724,0,False,False,0,0,1
8725,0,False,False,0,0,1
8726,0,False,False,0,0,1
8727,0,False,False,0,0,1
8728,0,False,False,0,1,1
8729,0,False,False,0,0,1
8730,0,False,False,0,1,1
8731,0,False,False,0,0,1
8732,0,False,False,0,1,1
8733,0,False,False,0,1,1
8734,0,False,False,0,0,1
8735,0,False,False,0,0,1
8736,0,False,False,0,0,1
8737,0,False,False,0,0,1
8738,0,False,False,0,1,1
8739,0,False,False,0,1,1
8740,0,False,False,0,0,1
8741,0,False,False,0,1,1
8742,0,False,False,0,1,1
8743,0,False,False,0,0,1
8744,0,False,False,0,0,1
8745,0,False,False,0,0,1
8746,0,False,False,0,1,1
8747,0,False,False,0,0,1
8748,0,False,False,0,0,1
8749,0,False,False,0,1,1
8750,0,False,False,0,1,1
8751,0,False,False,0,1,1
8752,0,False,False,0,0,1
8753,0,False,False,0,1,1
8754,0,False,False,0,1,1
8755,0,False,False,0,1,1
8756,0,False,False,0,1,1
8757,0,False,False,0,0,1
8758,0,False,False,0,1,1
8759,0,False,False,0,0,1
8760,0,False,False,0,0,1
8761,0,False,False,0,0,1
8762,0,False,False,0,0,1
8763,0,False,False,0,0,1
8764,0,False,False,0,0,1
8765,0,False,False,0,1,1
8766,0,False,False,0,1,1
8767,0,False,False,0,0,1
8768,0,True,False,0,1,Player
8769,0,True,False,0,1,Player
8770,0,True,False,0,1,Player
8771,0,True,False,0,1,Player
8772,0,True,False,0,1,Player
8773,0,False,False,0,0,Player
8774,0,True,False,0,1,Player
8775,0,False,False,0,0,1
8776,0,False,False,0,0,1
8777,0,False,False,0,0,1
8778,0,False,False,0,0,1
8779,0,False,False,0,1,1
8780,0,False,False,0,0,1
8781,0,False,False,0,1,1
8782,0,False,False,0,1,1
8783,0,False,False,0,0,1
8784,0,False,False,0,1,1
8785,0,False,False,0,0,1
8786,0,False,False,0,0,1
8787,0,False,False,0,0,1
8788,0,False,False,0,1,1
8789,0,False,False,0,1,1
8790,0,False,False,0,0,1
8791,0,False,False,0,0,1
8792,0,False,False,0,0,1
8793,0,False,False,0,1,1
8794,0,False,False,0,1,1
8795,0,False,False,0,1,1
8796,0,False,False,0,0,1
8797,0,False,False,0,0,1
8798,0,False,False,0,0,1
8799,0,False,False,0,1,1
8800,0,False,False,0,1,1
8801,0,False,False,0,1,1
8802,0,False,False,0,0,1
8803,0,False,False,0,1,1
8804,0,False,False,0,0,1
8805,0,False,False,0,0,1
8806,0,False,False,0,1,1
8807,0,False,False,0,1,1
8808,0,False,False,0,1,1
8809,0,False,False,0,0,1
8810,0,False,False,0,0,1
8811,0,False,False,0,0,1
8812,0,False,False,0,0,1
8813,0,False,False,0,1,1
8814,0,False,False,0,1,1
8815,0,False,False,0,0,1
8816,0,False,False,0,0,1
8817,0,False,False,0,0,1
8818,0,False,False,0,0,1
8819,0,False,False,0,1,1
8820,0,False,False,0,0,1
8821,0,False,False,0,0,1
8822,0,False,False,0,1,1
8823,0,False,False,0,1,1
8824,0,False,False,0,0,1
8825,0,False,False,0,1,1
8826,0,False,False,0,1,1
8827,0,False,False,0,1,1
8828,0,False,False,0,1,1
8829,0,False,False,0,1,1
8830,0,False,False,0,0,1
8831,0,False,False,0,0,1
8832,0,False,False,0,1,1
8833,0,False,False,0,1,1
8834,0,False,False,0,0,1
8835,0,False,False,0,1,1
8836,0,False,False,0,1,1
8837,0,False,False,0,0,1
8838,0,False,False,0,0,1
8839,0,False,False,0,1,1
8840,0,False,False,0,1,1
8841,0,False,False,0,0,1
8842,0,False,False,0,0,1
8843,0,False,False,0,0,1
8844,0,False,False,0,0,1
8845,0,False,False,0,0,1
8846,0,False,False,0,0,1
8847,0,False,False,0,0,1
8848,0,False,False,0,1,1
8849,0,False,False,0,0,1
8850,0,False,False,0,1,1
8851,0,False,False,0,0,1
8852,0,False,False,0,0,1
8853,0,False,False,0,0,1
8854,0,False,False,0,1,1
8855,0,False,False,0,0,1
8856,0,False,False,0,1,1
8857,0,False,False,0,0,1
8858,0,False,False,0,1,1
8859,0,False,False,0,0,1
8860,0,False,False,0,0,1
8861,0,False,False,0,0,1
8862,0,False,False,0,0,1
8863,0,False,False,0,1,1
8864,0,False,False,0,0,1
8865,0,False,False,0,1,1
8866,0,False,False,0,1,1
8867,0,False,False,0,0,1
8868,0,False,False,0,0,1
8869,0,False,False,0,1,1
8870,0,False,False,0,0,1
8871,0,False,False,0,0,1
8872,0,False,False,0,1,1
8873,0,False,False,0,0,1
8874,0,False,False,0,1,1
8875,0,False,False,0,0,1
8876,0,False,False,0,0,1
8877,0,False,False,0,0,1
8878,0,False,False,0,0,1
8879,0,False,False,0,0,1
8880,0,False,False,0,1,1
8881,0,False,False,0,0,1
8882,0,False,False,0,0,1
8883,0,False,False,0,0,1
8884,0,False,False,0,1,1
8885,0,False,False,0,0,1
8886,0,False,False,0,0,1
8887,0,False,False,0,0,1
8888,0,False,False,0,0,1
8889,0,False,False,0,0,1
8890,0,False,False,0,1,1
8891,0,False,False,0,1,1
8892,0,False,False,0,0,1
8893,0,False,False,0,0,1
8894,0,False,False,0,0,1
8895,0,False,False,0,0,1
8896,0,False,False,0,1,1
8897,0,False,False,0,1,1
8898,0,False,False,0,1,1
8899,0,False,False,0,0,1
8900,0,False,False,0,1,1
8901,0,False,False,0,0,1
8902,0,False,False,0,0,1
8903,0,False,False,0,1,1
8904,0,False,False,0,1,1
8905,0,False,False,0,0,1
8906,0,False,False,0,1,1
8907,0,False,False,0,0,1
8908,0,False,False,0,1,1
8909,0,False,False,0,0,1
8910,0,False,False,0,0,1
8911,0,False,False,0,1,1
8912,0,False,False,0,1,1
8913,0,False,False,0,0,1
8914,0,False,False,0,1,1
8915,0,False,False,0,1,1
8916,0,False,False,0,0,1
8917,0,False,False,0,0,1
8918,0,False,False,0,0,1
8919,0,False,False,0,1,1
8920,0,False,False,0,0,1
8921,0,False,False,0,0,1
8922,0,False,False,0,0,1
8923,0,False,False,0,0,1
8924,0,False,False,0,0,1
8925,0,False,False,0,0,1
8926,0,False,False,0,0,1
8927,0,False,False,0,1,1
8928,0,False,False,0,0,1
8929,0,False,False,0,0,1
8930,0,False,False,0,1,1
8931,0,False,False,0,1,1
8932,0,False,False,0,0,1
8933,0,False,False,0,0,1
8934,0,False,False,0,0,1
8935,0,False,False,0,1,1
8936,0,False,False,0,1,1
8937,0,False,False,0,0,1
8938,0,False,False,0,1,1
8939,0,False,False,0,0,1
8940,0,False,False,0,0,1
8941,0,False,False,0,1,1
8942,0,False,False,0,0,1
8943,0,False,False,0,0,1
8944,0,False,False,0,0,1
8945,0,False,False,0,0,1
8946,0,False,False,0,1,1
8947,0,False,False,0,0,1
8948,0,False,False,0,0,1
8949,0,False,False,0,0,1
8950,0,False,False,0,1,1
8951,0,False,False,0,1,1
8952,0,False,False,0,0,1
8953,0,False,False,0,1,1
8954,0,False,False,0,0,1
8955,0,False,False,0,1,1
8956,0,False,False,0,1,1
8957,0,False,False,0,0,1
8958,0,False,False,0,0,1
8959,0,False,False,0,1,1
8960,0,False,False,0,0,1
8961,0,False,False,0,1,1
8962,0,False,False,0,1,1
8963,0,False,False,0,0,1
8964,0,False,False,0,1,1
8965,0,False,False,0,0,1
8966,0,False,False,0,0,1
8967,0,False,False,0,0,1
8968,0,False,False,0,1,1
8969,0,False,False,0,1,1
8970,0,False,False,0,1,1
8971,0,False,False,0,1,1
8972,0,False,False,0,0,1
8973,0,False,False,0,0,1
8974,0,False,False,0,0,1
8975,0,False,False,0,1,1
8976,0,False,False,0,0,1
8977,0,False,False,0,1,1
8978,0,False,False,0,0,1
8979,0,False,False,0,1,1
8980,0,False,False,0,1,1
8981,0,False,False,0,1,1
8982,0,False,False,0,0,1
8983,0,False,False,0,0,1
8984,0,False,False,0,1,1
8985,0,False,False,0,1,1
8986,0,False,False,0,1,1
8987,0,False,False,0,1,1
8988,0,False,False,0,1,1
8989,0,False,False,0,1,1
8990,0,False,False,0,1,1
8991,0,False,False,0,1,1
8992,0,False,False,0,0,1
8993,0,False,False,0,1,1
8994,0,False,False,0,1,1
8995,0,False,False,0,0,1
8996,0,False,False,0,0,1
8997,0,False,False,0,0,1
8998,0,False,False,0,0,1
8999,0,False,False,0,1,1
9000,0,False,False,0,0,1
9001,0,False,False,0,1,1
9002,0,False,False,0,0,1
9003,0,False,False,0,0,1
9004,0,False,False,0,0,1
9005,0,False,False,0,0,1
9006,0,False,False,0,0,1
9007,0,False,False,0,1,1
9008,0,False,False,0,0,1
9009,0,False,False,0,1,1
9010,0,False,False,0,1,1
9011,0,False,False,0,1,1
9012,0,False,False,0,0,1
9013,0,False,False,0,1,1
9014,0,False,False,0,0,1
9015,0,False,False,0,1,1
9016,0,False,False,0,1,1
9017,0,False,False,0,0,1
9018,0,False,False,0,1,1
9019,0,False,False,0,1,1
9020,0,False,False,0,0,1
9021,0,False,False,0,0,1
9022,0,False,False,0,0,1
9023,0,False,False,0,1,1
9024,0,False,False,0,1,1
9025,0,False,False,0,0,1
9026,0,False,False,0,0,1
9027,0,False,False,0,1,1
9028,0,False,False,0,0,1
9029,0,False,False,0,1,1
9030,0,False,False,0,0,1
9031,0,False,False,0,0,1
9032,0,False,False,0,0,1
9033,0,False,False,0,0,1
9034,0,False,False,0,0,1
9035,0,False,False,0,0,1
9036,0,False,False,0,1,1
9037,0,False,False,0,0,1
9038,0,False,False,0,0,1
9039,0,False,False,0,1,1
9040,0,False,False,0,0,1
9041,0,False,False,0,1,1
9042,0,False,False,0,1,1
9043,0,False,False,0,1,1
9044,0,False,False,0,0,1
9045,0,False,False,0,1,1
9046,0,False,False,0,1,1
9047,0,False,False,0,0,1
9048,0,False,False,0,0,1
9049,0,False,False,0,0,1
9050,0,False,False,0,0,1
9051,0,False,False,0,0,1
9052,0,False,False,0,1,1
9053,0,False,False,0,0,1
9054,0,False,False,0,1,1
9055,0,False,False,0,1,1
9056,0,False,False,0,1,1
9057,0,False,False,0,1,1
9058,0,False,False,0,0,1
9059,0,False,False,0,0,1
9060,0,False,False,0,1,1
9061,0,False,False,0,0,1
9062,0,False,False,0,0,1
9063,0,False,False,0,0,1
9064,0,False,False,0,0,1
9065,0,False,False,0,0,1
9066,0,False,False,0,0,1
9067,0,False,False,0,1,1
9068,0,False,False,0,1,1
9069,0,False,False,0,0,1
9070,0,False,False,0,0,1
9071,0,False,False,0,0,1
9072,0,False,False,0,1,1
9073,0,False,False,0,0,1
9074,0,False,False,0,1,1
9075,0,False,False,0,1,1
9076,0,False,False,0,0,1
9077,0,False,False,0,1,1
9078,0,False,False,0,0,1
9079,0,False,False,0,1,1
9080,0,False,False,0,1,1
9081,0,False,False,0,0,1
9082,0,False,False,0,0,1
9083,0,False,False,0,1,1
9084,0,False,False,0,0,1
9085,0,False,False,0,0,1
9086,0,False,False,0,0,1
9087,0,False,False,0,0,1
9088,0,False,False,0,0,1
9089,0,False,False,0,0,1
9090,0,False,False,0,1,1
9091,0,False,False,0,1,1
9092,0,False,False,0,1,1
9093,0,False,False,0,0,1
9094,0,False,False,0,0,1
9095,0,False,False,0,0,1
9096,0,False,False,0,0,1
9097,0,False,False,0,0,1
9098,0,False,False,0,0,1
9099,0,False,False,0,0,1
9100,0,False,False,0,0,1
9101,0,False,False,0,1,1
9102,0,False,False,0,1,1
9103,0,False,False,0,0,1
9104,0,False,False,0,1,1
9105,0,False,False,0,0,1
9106,0,False,False,0,0,1
9107,0,False,False,0,0,1
9108,0,False,False,0,0,1
9109,0,False,False,0,0,1
9110,0,False,False,0,1,1
9111,0,False,False,0,1,1
9112,0,False,False,0,1,1
9113,0,False,False,0,1,1
9114,0,False,False,0,0,1
9115,0,False,False,0,1,1
9116,0,False,False,0,0,1
9117,0,False,False,0,0,1
9118,0,False,False,0,1,1
9119,0,False,False,0,0,1
9120,0,False,False,0,0,1
9121,0,False,False,0,1,1
9122,0,False,False,0,0,1
9123,0,False,False,0,0,1
9124,0,False,False,0,1,1
9125,0,False,False,0,1,1
9126,0,False,False,0,1,1
9127,0,False,False,0,1,1
9128,0,False,False,0,1,1
9129,0,False,False,0,1,1
9130,0,False,False,0,0,1
9131,0,False,False,0,0,1
9132,0,False,False,0,0,1
9133,0,False,False,0,1,1
9134,0,False,False,0,1,1
9135,0,False,False,0,1,1
9136,0,False,False,0,0,1
9137,0,False,False,0,0,1
9138,0,False,False,0,1,1
9139,0,False,False,0,1,1
9140,0,False,False,0,0,1
9141,0,False,False,0,1,1
9142,0,False,False,0,1,1
9143,0,False,False,0,0,1
9144,0,False,False,0,0,1
9145,0,False,False,0,0,1
9146,0,False,False,0,1,1
9147,0,False,False,0,1,1
9148,0,False,False,0,0,1
9149,0,False,False,0,0,1
9150,0,False,False,0,0,1
9151,0,False,False,0,1,1
9152,0,False,False,0,1,1
9153,0,False,False,0,0,1
9154,0,False,False,0,1,1
9155,0,False,False,0,1,1
9156,0,False,False,0,1,1
9157,0,False,False,0,1,1
9158,0,False,False,0,0,1
9159,0,False,False,0,1,1
9160,0,False,False,0,1,1
9161,0,False,False,0,1,1
9162,0,False,False,0,1,1
9163,0,False,False,0,1,1
9164,0,False,False,0,1,1
9165,0,False,False,0,0,1
9166,0,False,False,0,0,1
9167,0,False,False,0,0,1
9168,0,False,False,0,1,1
9169,0,False,False,0,0,1
9170,0,False,False,0,1,1
9171,0,False,False,0,1,1
9172,0,False,False,0,0,1
9173,0,False,False,0,1,1
9174,0,False,False,0,0,1
9175,0,False,False,0,1,1
9176,0,False,False,0,0,1
9177,0,False,False,0,1,1
9178,0,False,False,0,1,1
9179,0,False,False,0,0,1
9180,0,False,False,0,1,1
9181,0,False,False,0,0,1
9182,0,False,False,0,1,1
9183,0,False,False,0,1,1
9184,0,False,False,0,1,1
9185,0,False,False,0,1,1
9186,0,False,False,0,0,1
9187,0,False,False,0,0,1
9188,0,False,False,0,1,1
9189,0,False,False,0,0,1
9190,0,False,False,0,1,1
9191,0,False,False,0,0,1
9192,0,False,False,0,1,1
9193,0,False,False,0,1,1
9194,0,False,False,0,0,1
9195,0,False,False,0,0,1
9196,0,False,False,0,1,1
9197,0,False,False,0,0,1
9198,0,False,False,0,1,1
9199,0,False,False,0,0,1
9200,0,False,False,0,0,1
9201,0,False,False,0,1,1
9202,0,False,False,0,1,1
9203,0,False,False,0,0,1
9204,0,False,False,0,0,1
9205,0,False,False,0,0,1
9206,0,False,False,0,1,1
9207,0,False,False,0,1,1
9208,0,False,False,0,0,1
9209,0,False,False,0,0,1
9210,0,False,False,0,1,1
9211,0,False,False,0,1,1
9212,0,False,False,0,0,1
9213,0,False,False,0,1,1
9214,0,False,False,0,0,1
9215,0,False,False,0,0,1
9216,0,False,False,0,0,1
9217,0,False,False,0,1,1
9218,0,False,False,0,1,1
9219,0,False,False,0,0,1
9220,0,False,False,0,1,1
9221,0,False,False,0,1,1
9222,0,False,False,0,0,1
9223,0,False,False,0,1,1
9224,0,False,False,0,1,1
9225,0,False,False,0,0,1
9226,0,False,False,0,0,1
9227,0,False,False,0,0,1
9228,0,False,False,0,0,1
9229,0,False,False,0,0,1
9230,0,False,False,0,0,1
9231,0,False,False,0,0,1
9232,0,False,False,0,0,1
9233,0,False,False,0,0,1
9234,0,False,False,0,0,1
9235,0,False,False,0,0,1
9236,0,False,False,0,1,1
9237,0,False,False,0,0,1
9238,0,False,False,0,1,1
9239,0,False,False,0,1,1
9240,0,False,False,0,0,1
9241,0,False,False,0,0,1
9242,0,False,False,0,0,1
9243,0,False,False,0,0,1
9244,0,False,False,0,0,1
9245,0,False,False,0,1,1
9246,0,False,False,0,1,1
9247,0,False,False,0,1,1
9248,0,False,False,0,1,1
9249,0,False,False,0,0,1
9250,0,False,False,0,1,1
9251,0,False,False,0,0,1
9252,0,False,False,0,0,1
9253,0,False,False,0,1,1
9254,0,False,False,0,1,1
9255,0,False,False,0,0,1
9256,0,False,False,0,0,1
9257,0,False,False,0,1,1
9258,0,False,False,0,1,1
9259,0,False,False,0,0,1
9260,0,False,False,0,0,1
9261,0,False,False,0,0,1
9262,0,False,False,0,1,1
9263,0,False,False,0,1,1
9264,0,False,False,0,1,1
9265,0,False,False,0,1,1
9266,0,False,False,0,1,1
9267,0,False,False,0,0,1
9268,0,False,False,0,1,1
9269,0,False,False,0,1,1
9270,0,False,False,0,0,1
9271,0,False,False,0,0,1
9272,0,False,False,0,0,1
9273,0,False,False,0,1,1
9274,0,False,False,0,0,1
9275,0,False,False,0,1,1
9276,0,False,False,0,1,1
9277,0,False,False,0,0,1
9278,0,False,False,0,0,1
9279,0,False,False,0,0,Player
9280,0,False,False,0,1,Player
9281,0,False,False,0,0,1
9282,0,False,False,0,1,1
9283,0,False,False,0,1,1
9284,0,False,False,0,0,1
9285,0,False,False,0,1,1
9286,0,False,False,0,1,1
9287,0,False,False,0,1,1
9288,0,False,False,0,1,1
9289,0,False,False,0,0,1
9290,0,False,False,0,0,1
9291,0,False,False,0,0,1
9292,0,False,False,0,0,1
9293,0,False,False,0,0,1
9294,0,False,False,0,0,1
9295,0,False,False,0,0,1
9296,0,False,False,0,0,1
9297,0,False,False,0,0,1
9298,0,False,False,0,0,1
9299,0,False,False,0,1,1
9300,0,False,False,0,0,1
9301,0,False,False,0,1,1
9302,0,False,False,0,0,1
9303,0,False,False,0,1,1
9304,0,False,False,0,1,1
9305,0,False,False,0,0,1
9306,0,False,False,0,0,1
9307,0,False,False,0,0,1
9308,0,False,False,0,1,1
9309,0,False,False,0,0,1
9310,0,False,False,0,1,1
9311,0,False,False,0,0,1
9312,0,False,False,0,1,1
9313,0,False,False,0,0,1
9314,0,False,False,0,0,1
9315,0,False,False,0,1,1
9316,0,False,False,0,1,1
9317,0,False,False,0,0,1
9318,0,False,False,0,0,1
9319,0,False,False,0,0,1
9320,0,False,False,0,0,1
9321,0,False,False,0,0,1
9322,0,False,False,0,1,1
9323,0,False,False,0,0,1
9324,0,False,False,0,0,1
9325,0,False,False,0,1,1
9326,0,False,False,0,0,1
9327,0,False,False,0,0,1
9328,0,False,False,0,1,1
9329,0,False,False,0,0,1
9330,0,False,False,0,0,1
9331,0,False,False,0,1,1
9332,0,False,False,0,0,1
9333,0,False,False,0,0,1
9334,0,False,False,0,0,1
9335,0,False,False,0,1,1
9336,0,False,False,0,0,1
9337,0,False,False,0,1,1
9338,0,False,False,0,0,1
9339,0,False,False,0,1,1
9340,0,False,False,0,0,1
9341,0,False,False,0,0,1
9342,0,False,False,0,1,1
9343,0,False,False,0,0,1
9344,0,False,False,0,0,1
9345,0,False,False,0,1,1
9346,0,False,False,0,0,1
9347,0,False,False,0,0,1
9348,0,False,False,0,0,1
9349,0,False,False,0,1,1
9350,0,False,False,0,0,1
9351,0,False,False,0,1,1
9352,0,False,False,0,0,1
9353,0,False,False,0,1,1
9354,0,False,False,0,0,1
9355,0,False,False,0,0,1
9356,0,False,False,0,0,1
9357,0,False,False,0,1,1
9358,0,False,False,0,0,1
9359,0,False,False,0,1,1
9360,0,False,False,0,0,1
9361,0,False,False,0,0,1
9362,0,False,False,0,1,1
9363,0,False,False,0,1,1
9364,0,False,False,0,0,1
9365,0,False,False,0,0,1
9366,0,False,False,0,1,1
9367,0,False,False,0,1,1
9368,0,False,False,0,1,1
9369,0,False,False,0,1,1
9370,0,False,False,0,1,1
9371,0,False,False,0,1,1
9372,0,False,False,0,1,1
9373,0,False,False,0,1,1
9374,0,False,False,0,1,1
9375,0,False,False,0,0,1
9376,0,False,False,0,1,1
9377,0,False,False,0,1,1
9378,0,False,False,0,0,1
9379,0,False,False,0,0,1
9380,0,False,False,0,0,1
9381,0,False,False,0,1,1
9382,0,False,False,0,1,1
9383,0,False,False,0,0,1
9384,0,False,False,0,0,1
9385,0,False,False,0,0,1
9386,0,False,False,0,1,1
9387,0,False,False,0,1,1
9388,0,False,False,0,0,1
9389,0,False,False,0,0,1
9390,0,False,False,0,0,1
9391,0,False,False,0,1,1
9392,0,False,False,0,0,1
9393,0,False,False,0,0,1
9394,0,False,False,0,0,1
9395,0,False,False,0,0,1
9396,0,False,False,0,0,1
9397,0,False,False,0,0,1
9398,0,False,False,0,0,1
9399,0,False,False,0,1,1
9400,0,False,False,0,0,1
9401,0,False,False,0,0,1
9402,0,False,False,0,1,1
9403,0,False,False,0,0,1
9404,0,False,False,0,1,1
9405,0,False,False,0,1,1
9406,0,False,False,0,0,1
9407,0,False,False,0,1,1
9408,0,False,False,0,1,1
9409,0,False,False,0,1,1
9410,0,False,False,0,1,1
9411,0,False,False,0,1,1
9412,0,False,False,0,1,1
9413,0,False,False,0,1,1
9414,0,False,False,0,0,1
9415,0,False,False,0,1,1
9416,0,False,False,0,0,1
9417,0,False,False,0,0,1
9418,0,False,False,0,0,1
9419,0,False,False,0,1,1
9420,0,False,False,0,0,1
9421,0,False,False,0,0,1
9422,0,False,False,0,0,1
9423,0,False,False,0,1,1
9424,0,False,False,0,0,1
9425,0,False,False,0,1,1
9426,0,False,False,0,1,1
9427,0,False,False,0,0,1
9428,0,False,False,0,1,1
9429,0,False,False,0,1,1
9430,0,False,False,0,0,1
9431,0,False,False,0,0,1
9432,0,False,False,0,0,1
9433,0,False,False,0,1,1
9434,0,False,False,0,0,1
9435,0,False,False,0,0,1
9436,0,False,False,0,1,1
9437,0,False,False,0,0,1
9438,0,False,False,0,1,1
9439,0,False,False,0,1,1
9440,0,False,False,0,0,1
9441,0,False,False,0,1,1
9442,0,False,False,0,0,1
9443,0,False,False,0,1,1
9444,0,False,False,0,1,1
9445,0,False,False,0,0,1
9446,0,False,False,0,0,1
9447,0,False,False,0,1,1
9448,0,False,False,0,0,1
9449,0,False,False,0,1,1
9450,0,False,False,0,1,1
9451,0,False,False,0,1,1
9452,0,False,False,0,1,1
9453,0,False,False,0,1,1
9454,0,False,False,0,1,1
9455,0,False,False,0,1,1
9456,0,False,False,0,1,1
9457,0,False,False,0,0,1
9458,0,False,False,0,1,1
9459,0,False,False,0,1,1
9460,0,False,False,0,1,1
9461,0,False,False,0,1,1
9462,0,False,False,0,0,1
9463,0,False,False,0,1,1
9464,0,False,False,0,0,1
9465,0,False,False,0,1,1
9466,0,False,False,0,1,1
9467,0,False,False,0,1,1
9468,0,False,False,0,1,1
9469,0,False,False,0,0,1
9470,0,False,False,0,0,1
9471,0,False,False,0,1,1
9472,0,False,False,0,0,1
9473,0,False,False,0,1,1
9474,0,False,False,0,1,1
9475,0,False,False,0,0,1
9476,0,False,False,0,1,1
9477,0,False,False,0,1,1
9478,0,False,False,0,0,1
9479,0,False,False,0,0,1
9480,0,False,False,0,0,1
9481,0,False,False,0,0,1
9482,0,False,False,0,0,1
9483,0,False,False,0,0,1
9484,0,False,False,0,0,1
9485,0,False,False,0,1,1
9486,0,False,False,0,1,1
9487,0,False,False,0,0,1
9488,0,False,False,0,0,1
9489,0,False,False,0,1,1
9490,0,False,False,0,0,1
9491,0,False,False,0,1,1
9492,0,False,False,0,0,1
9493,0,False,False,0,0,1
9494,0,False,False,0,1,1
9495,0,False,False,0,0,1
9496,0,False,False,0,1,1
9497,0,False,False,0,1,1
9498,0,False,False,0,0,1
9499,0,False,False,0,1,1
9500,0,False,False,0,1,1
9501,0,False,False,0,0,1
9502,0,False,False,0,0,1
9503,0,False,False,0,0,1
9504,0,False,False,0,0,1
9505,0,False,False,0,0,1
9506,0,False,False,0,1,1
9507,0,False,False,0,0,1
9508,0,False,False,0,0,1
9509,0,False,False,0,0,1
9510,0,False,False,0,0,1
9511,0,False,False,0,0,1
9512,0,False,False,0,0,1
9513,0,False,False,0,1,1
9514,0,False,False,0,1,1
9515,0,False,False,0,0,1
9516,0,False,False,0,0,1
9517,0,False,False,0,0,1
9518,0,False,False,0,1,1
9519,0,False,False,0,1,1
9520,0,False,False,0,1,1
9521,0,False,False,0,0,1
9522,0,False,False,0,0,1
9523,0,False,False,0,0,1
9524,0,False,False,0,1,1
9525,0,False,False,0,0,1
9526,0,False,False,0,0,1
9527,0,False,False,0,1,1
9528,0,False,False,0,1,1
9529,0,False,False,0,1,1
9530,0,False,False,0,1,1
9531,0,False,False,0,0,1
9532,0,False,False,0,1,1
9533,0,False,False,0,1,1
9534,0,False,False,0,0,1
9535,0,False,False,0,0,1
9536,0,False,False,0,0,1
9537,0,False,False,0,1,1
9538,0,False,False,0,1,1
9539,0,False,False,0,0,1
9540,0,False,False,0,0,1
9541,0,False,False,0,0,1
9542,0,False,False,0,0,1
9543,0,False,False,0,0,1
9544,0,False,False,0,0,1
9545,0,False,False,0,0,1
9546,0,False,False,0,1,1
9547,0,False,False,0,0,1
9548,0,False,False,0,0,1
9549,0,False,False,0,0,1
9550,0,False,False,0,1,1
9551,0,False,False,0,0,1
9552,0,False,False,0,1,1
9553,0,False,False,0,1,1
9554,0,False,False,0,0,1
9555,0,False,False,0,0,1
9556,0,False,False,0,1,1
9557,0,False,False,0,1,1
9558,0,False,False,0,1,1
9559,0,False,False,0,0,1
9560,0,False,False,0,1,1
9561,0,False,False,0,1,1
9562,0,False,False,0,0,1
9563,0,False,False,0,1,1
9564,0,False,False,0,0,1
9565,0,False,False,0,1,1
9566,0,False,False,0,1,1
9567,0,False,False,0,0,1
9568,0,False,False,0,0,1
9569,0,False,False,0,0,1
9570,0,False,False,0,0,1
9571,0,False,False,0,0,1
9572,0,False,False,0,0,1
9573,0,False,False,0,1,1
9574,0,False,False,0,1,1
9575,0,False,False,0,0,1
9576,0,False,False,0,0,1
9577,0,False,False,0,0,1
9578,0,False,False,0,1,1
9579,0,False,False,0,0,1
9580,0,False,False,0,0,1
9581,0,False,False,0,0,1
9582,0,False,False,0,1,1
9583,0,False,False,0,0,1
9584,0,False,False,0,1,1
9585,0,False,False,0,0,1
9586,0,False,False,0,0,1
9587,0,False,False,0,0,1
9588,0,False,False,0,0,1
9589,0,False,False,0,1,1
9590,0,False,False,0,0,1
9591,0,False,False,0,1,1
9592,0,False,False,0,0,1
9593,0,False,False,0,0,1
9594,0,False,False,0,1,1
9595,0,False,False,0,0,1
9596,0,False,False,0,0,1
9597,0,False,False,0,0,1
9598,0,False,False,0,0,1
9599,0,False,False,0,1,1
9600,0,False,False,0,0,1
9601,0,False,False,0,0,1
9602,0,False,False,0,0,1
9603,0,False,False,0,1,1
9604,0,False,False,0,0,1
9605,0,False,False,0,0,1
9606,0,False,False,0,0,1
9607,0,False,False,0,0,1
9608,0,False,False,0,0,1
9609,0,False,False,0,1,1
9610,0,False,False,0,1,1
9611,0,False,False,0,1,1
9612,0,False,False,0,0,1
9613,0,False,False,0,0,1
9614,0,False,False,0,0,1
9615,0,False,False,0,0,1
9616,0,False,False,0,0,1
9617,0,False,False,0,0,1
9618,0,False,False,0,1,1
9619,0,False,False,0,1,1
9620,0,False,False,0,1,1
9621,0,False,False,0,0,1
9622,0,False,False,0,0,1
9623,0,False,False,0,1,1
9624,0,False,False,0,0,1
9625,0,False,False,0,1,1
9626,0,False,False,0,0,1
9627,0,False,False,0,0,1
9628,0,False,False,0,0,1
9629,0,False,False,0,0,1
9630,0,False,False,0,1,1
9631,0,False,False,0,0,1
9632,0,False,False,0,0,1
9633,0,False,False,0,1,1
9634,0,False,False,0,1,1
9635,0,False,False,0,0,1
9636,0,False,False,0,0,1
9637,0,False,False,0,0,1
9638,0,False,False,0,0,1
9639,0,False,False,0,0,1
9640,0,False,False,0,0,1
9641,0,False,False,0,0,1
9642,0,False,False,0,1,1
9643,0,False,False,0,0,1
9644,0,False,False,0,0,1
9645,0,False,False,0,0,1
9646,0,False,False,0,1,1
9647,0,False,False,0,1,1
9648,0,False,False,0,0,1
9649,0,False,False,0,0,1
9650,0,False,False,0,0,1
9651,0,False,False,0,1,1
9652,0,False,False,0,1,1
9653,0,False,False,0,1,1
9654,0,False,False,0,0,1
9655,0,False,False,0,1,1
9656,0,False,False,0,0,1
9657,0,False,False,0,1,1
9658,0,False,False,0,1,1
9659,0,False,False,0,0,1
9660,0,False,False,0,1,1
9661,0,False,False,0,0,1
9662,0,False,False,0,1,1
9663,0,False,False,0,0,1
9664,0,False,False,0,1,1
9665,0,False,False,0,1,1
9666,0,False,False,0,0,1
9667,0,False,False,0,1,1
9668,0,False,False,0,0,1
9669,0,False,False,0,0,1
9670,0,False,False,0,0,1
9671,0,False,False,0,1,1
9672,0,False,False,0,0,1
9673,0,False,False,0,0,1
9674,0,False,False,0,0,1
9675,0,False,False,0,0,1
9676,0,False,False,0,1,1
9677,0,False,False,0,0,1
9678,0,False,False,0,1,1
9679,0,False,False,0,1,1
9680,0,False,False,0,1,1
9681,0,False,False,0,0,1
9682,0,False,False,0,1,1
9683,0,False,False,0,0,1
9684,0,False,False,0,1,1
9685,0,False,False,0,1,1
9686,0,False,False,0,0,1
9687,0,False,False,0,0,1
9688,0,False,False,0,1,1
9689,0,False,False,0,0,1
9690,0,False,False,0,0,1
9691,0,False,False,0,1,1
9692,0,False,False,0,0,1
9693,0,False,False,0,1,1
9694,0,False,False,0,1,1
9695,0,False,False,0,1,1
9696,0,False,False,0,1,1
9697,0,False,False,0,1,1
9698,0,False,False,0,0,1
9699,0,False,False,0,1,1
9700,0,False,False,0,0,1
9701,0,False,False,0,0,1
9702,0,False,False,0,1,1
9703,0,False,False,0,1,1
9704,0,False,False,0,0,1
9705,0,False,False,0,0,1
9706,0,False,False,0,1,1
9707,0,False,False,0,1,1
9708,0,False,False,0,1,1
9709,0,False,False,0,1,1
9710,0,False,False,0,1,1
9711,0,False,False,0,0,1
9712,0,False,False,0,1,1
9713,0,False,False,0,1,1
9714,0,False,False,0,0,1
9715,0,False,False,0,0,1
9716,0,False,False,0,0,1
9717,0,False,False,0,1,1
9718,0,False,False,0,1,1
9719,0,False,False,0,0,1
9720,0,False,False,0,0,1
9721,0,False,False,0,0,1
9722,0,False,False,0,1,1
9723,0,False,False,0,1,1
9724,0,False,False,0,1,1
9725,0,False,False,0,0,1
9726,0,False,False,0,0,1
9727,0,False,False,0,0,1
9728,0,False,False,0,0,1
9729,0,False,False,0,0,1
9730,0,False,False,0,1,1
9731,0,False,False,0,0,1
9732,0,False,False,0,0,1
9733,0,False,False,0,0,1
9734,0,False,False,0,1,1
9735,0,False,False,0,0,1
9736,0,False,False,0,0,1
9737,0,False,False,0,0,1
9738,0,False,False,0,0,1
9739,0,False,False,0,0,1
9740,0,False,False,0,0,1
9741,0,False,False,0,0,1
9742,0,False,False,0,1,1
9743,0,False,False,0,0,1
9744,0,False,False,0,0,1
9745,0,False,False,0,0,1
9746,0,False,False,0,1,1
9747,0,False,False,0,0,1
9748,0,False,False,0,1,1
9749,0,False,False,0,0,1
9750,0,False,False,0,0,1
9751,0,False,False,0,1,1
9752,0,False,False,0,0,1
9753,0,False,False,0,1,1
9754,0,False,False,0,1,1
9755,0,False,False,0,0,1
9756,0,False,False,0,0,1
9757,0,False,False,0,0,1
9758,0,False,False,0,0,1
9759,0,False,False,0,0,1
9760,0,False,False,0,0,1
9761,0,False,False,0,0,1
9762,0,False,False,0,0,1
9763,0,False,False,0,0,1
9764,0,False,False,0,0,1
9765,0,False,False,0,0,1
9766,0,False,False,0,1,1
9767,0,False,False,0,1,1
9768,0,False,False,0,0,1
9769,0,False,False,0,0,1
9770,0,False,False,0,0,1
9771,0,False,False,0,0,1
9772,0,False,False,0,1,1
9773,0,False,False,0,0,1
9774,0,False,False,0,0,1
9775,0,False,False,0,0,1
9776,0,False,False,0,0,1
9777,0,False,False,0,1,1
9778,0,False,False,0,1,1
9779,0,False,False,0,1,1
9780,0,False,False,0,0,1
9781,0,False,False,0,0,1
9782,0,False,False,0,0,1
9783,0,False,False,0,1,1
9784,0,False,False,0,0,1
9785,0,False,False,0,1,1
9786,0,False,False,0,1,1
9787,0,False,False,0,0,1
9788,0,False,False,0,0,1
9789,0,False,False,0,0,1
9790,0,False,False,0,0,1
9791,0,False,False,0,0,1
9792,0,False,False,0,1,1
9793,0,False,False,0,0,1
9794,0,False,False,0,0,1
9795,0,False,False,0,0,1
9796,0,False,False,0,0,1
9797,0,False,False,0,1,1
9798,0,False,False,0,1,1
9799,0,False,False,0,1,1
9800,0,False,False,0,0,1
9801,0,False,False,0,0,1
9802,0,False,False,0,0,1
9803,0,False,False,0,0,1
9804,0,False,False,0,1,1
9805,0,False,False,0,1,1
9806,0,False,False,0,1,1
9807,0,False,False,0,0,1
9808,0,False,False,0,1,1
9809,0,False,False,0,0,1
9810,0,False,False,0,1,1
9811,0,False,False,0,1,1
9812,0,False,False,0,1,1
9813,0,False,False,0,0,1
9814,0,False,False,0,1,1
9815,0,False,False,0,0,1
9816,0,False,False,0,1,1
9817,0,False,False,0,0,1
9818,0,False,False,0,1,1
9819,0,False,False,0,0,1
9820,0,False,False,0,0,1
9821,0,False,False,0,0,1
9822,0,False,False,0,1,1
9823,0,False,False,0,0,1
9824,0,False,False,0,0,1
9825,0,False,False,0,1,1
9826,0,False,False,0,0,1
9827,0,False,False,0,1,1
9828,0,False,False,0,0,1
9829,0,False,False,0,0,1
9830,0,False,False,0,1,1
9831,0,False,False,0,0,1
9832,0,False,False,0,0,1
9833,0,False,False,0,0,1
9834,0,False,False,0,1,1
9835,0,False,False,0,0,1
9836,0,False,False,0,0,1
9837,0,False,False,0,1,1
9838,0,False,False,0,0,1
9839,0,False,False,0,1,1
9840,0,False,False,0,1,1
9841,0,False,False,0,1,1
9842,0,False,False,0,1,1
9843,0,False,False,0,1,1
9844,0,False,False,0,1,1
9845,0,False,False,0,1,1
9846,0,False,False,0,0,1
9847,0,False,False,0,0,1
9848,0,False,False,0,1,1
9849,0,False,False,0,1,1
9850,0,False,False,0,1,1
9851,0,False,False,0,1,1
9852,0,False,False,0,0,1
9853,0,False,False,0,0,1
9854,0,False,False,0,1,1
9855,0,False,False,0,1,1
9856,0,False,False,0,1,1
9857,0,False,False,0,1,1
9858,0,False,False,0,0,1
9859,0,False,False,0,0,1
9860,0,False,False,0,0,1
9861,0,False,False,0,0,1
9862,0,False,False,0,0,1
9863,0,False,False,0,0,1
9864,0,False,False,0,0,1
9865,0,False,False,0,0,1
9866,0,False,False,0,0,1
9867,0,False,False,0,0,1
9868,0,False,False,0,1,1
9869,0,False,False,0,0,1
9870,0,False,False,0,1,1
9871,0,False,False,0,0,1
9872,0,False,False,0,1,1
9873,0,False,False,0,0,1
9874,0,False,False,0,1,1
9875,0,False,False,0,0,1
9876,0,False,False,0,1,1
9877,0,False,False,0,1,1
9878,0,False,False,0,0,1
9879,0,False,False,0,0,1
9880,0,False,False,0,1,1
9881,0,False,False,0,0,1
9882,0,False,False,0,1,1
9883,0,False,False,0,1,1
9884,0,False,False,0,1,1
9885,0,False,False,0,0,1
9886,0,False,False,0,0,1
9887,0,False,False,0,1,1
9888,0,False,False,0,0,1
9889,0,False,False,0,1,1
9890,0,False,False,0,0,1
9891,0,False,False,0,0,1
9892,0,False,False,0,1,1
9893,0,False,False,0,1,1
9894,0,False,False,0,0,1
9895,0,False,False,0,0,1
9896,0,False,False,0,0,1
9897,0,False,False,0,1,1
9898,0,False,False,0,0,1
9899,0,False,False,0,1,1
9900,0,False,False,0,0,1
9901,0,False,False,0,1,1
9902,0,False,False,0,0,1
9903,0,False,False,0,1,1
9904,0,False,False,0,1,1
9905,0,False,False,0,0,1
9906,0,False,False,0,0,1
9907,0,False,False,0,0,1
9908,0,False,False,0,0,1
9909,0,False,False,0,1,1
9910,0,False,False,0,0,1
9911,0,False,False,0,0,1
9912,0,False,False,0,0,1
9913,0,False,False,0,0,1
9914,0,False,False,0,0,1
9915,0,False,False,0,1,1
9916,0,False,False,0,1,1
9917,0,False,False,0,1,1
9918,0,False,False,0,0,1
9919,0,False,False,0,1,1
9920,0,False,False,0,0,1
9921,0,False,False,0,1,1
9922,0,False,False,0,0,1
9923,0,False,False,0,1,1
9924,0,False,False,0,0,1
9925,0,False,False,0,1,1
9926,0,False,False,0,1,1
9927,0,False,False,0,0,1
9928,0,False,False,0,1,1
9929,0,False,False,0,1,1
9930,0,False,False,0,0,1
9931,0,False,False,0,0,1
9932,0,False,False,0,0,1
9933,0,False,False,0,1,1
9934,0,False,False,0,0,1
9935,0,False,False,0,0,1
9936,0,False,False,0,1,1
9937,0,False,False,0,0,1
9938,0,False,False,0,1,1
9939,0,False,False,0,0,1
9940,0,False,False,0,0,1
9941,0,False,False,0,0,1
9942,0,False,False,0,0,1
9943,0,False,False,0,1,1
9944,0,False,False,0,0,1
9945,0,False,False,0,0,1
9946,0,False,False,0,0,1
9947,0,False,False,0,0,1
9948,0,False,False,0,0,1
9949,0,False,False,0,1,1
9950,0,False,False,0,0,1
9951,0,False,False,0,0,1
9952,0,False,False,0,0,1
9953,0,False,False,0,1,1
9954,0,False,False,0,1,1
9955,0,False,False,0,0,1
9956,0,False,False,0,1,1
9957,0,False,False,0,1,1
9958,0,False,False,0,1,1
9959,0,False,False,0,0,1
9960,0,False,False,0,0,1
9961,0,False,False,0,1,1
9962,0,False,False,0,0,1
9963,0,False,False,0,1,1
9964,0,False,False,0,0,1
9965,0,False,False,0,0,1
9966,0,False,False,0,0,1
9967,0,False,False,0,1,1
9968,0,False,False,0,1,1
9969,0,False,False,0,0,1
9970,0,False,False,0,1,1
9971,0,False,False,0,0,1
9972,0,False,False,0,0,1
9973,0,False,False,0,0,1
9974,0,False,False,0,1,1
9975,0,False,False,0,0,1
9976,0,False,False,0,1,1
9977,0,False,False,0,1,1
9978,0,False,False,0,0,1
9979,0,False,False,0,1,1
9980,0,False,False,0,1,1
9981,0,False,False,0,1,1
9982,0,False,False,0,0,1
9983,0,False,False,0,0,1
9984,0,False,False,0,1,1
9985,0,False,False,0,1,1
9986,0,False,False,0,1,1
9987,0,False,False,0,1,1
9988,0,False,False,0,1,1
9989,0,False,False,0,0,1
9990,0,False,False,0,0,1
9991,0,False,False,0,0,1
9992,0,False,False,0,0,1
9993,0,False,False,0,1,1
9994,0,False,False,0,0,1
9995,0,False,False,0,0,1
9996,0,False,False,0,0,1
9997,0,False,False,0,0,1
9998,0,False,False,0,0,1
9999,0,False,False,0,0,1
10000,0,False,False,0,1,1
10001,0,False,False,0,1,1
10002,0,False,False,0,1,1
10003,0,False,False,0,1,1
10004,0,False,False,0,1,1
10005,0,False,False,0,0,1
10006,0,False,False,0,0,1
10007,0,False,False,0,1,1
10008,0,False,False,0,1,1
10009,0,False,False,0,0,1
10010,0,False,False,0,1,1
10011,0,False,False,0,0,1
10012,0,False,False,0,0,1
10013,0,False,False,0,1,1
10014,0,False,False,0,0,1
10015,0,False,False,0,0,1
10016,0,False,False,0,0,1
10017,0,False,False,0,0,1
10018,0,False,False,0,0,1
10019,0,False,False,0,0,1
10020,0,False,False,0,1,1
10021,0,False,False,0,1,1
10022,0,False,False,0,1,1
10023,0,False,False,0,0,1
10024,0,False,False,0,0,1
10025,0,False,False,0,1,1
10026,0,False,False,0,0,1
10027,0,False,False,0,0,1
10028,0,False,False,0,1,1
10029,0,False,False,0,0,1
10030,0,False,False,0,1,1
10031,0,False,False,0,0,1
10032,0,False,False,0,1,1
10033,0,False,False,0,0,1
10034,0,False,False,0,0,1
10035,0,False,False,0,0,1
10036,0,False,False,0,0,1
10037,0,False,False,0,0,1
10038,0,False,False,0,1,1
10039,0,False,False,0,0,1
10040,0,False,False,0,1,1
10041,0,False,False,0,0,1
10042,0,False,False,0,0,1
10043,0,False,False,0,0,1
10044,0,False,False,0,1,1
10045,0,False,False,0,1,1
10046,0,False,False,0,0,1
10047,0,False,False,0,0,1
10048,0,False,False,0,1,1
10049,0,False,False,0,0,1
10050,0,False,False,0,1,1
10051,0,False,False,0,0,1
10052,0,False,False,0,1,1
10053,0,False,False,0,0,1
10054,0,False,False,0,0,1
10055,0,False,False,0,0,1
10056,0,False,False,0,0,1
10057,0,False,False,0,1,1
10058,0,False,False,0,0,1
10059,0,False,False,0,1,1
10060,0,False,False,0,0,1
10061,0,False,False,0,0,1
10062,0,False,False,0,0,1
10063,0,False,False,0,1,1
10064,0,False,False,0,0,1
10065,0,False,False,0,0,1
10066,0,False,False,0,0,1
10067,0,False,False,0,0,1
10068,0,False,False,0,0,1
10069,0,False,False,0,1,1
10070,0,False,False,0,1,1
10071,0,False,False,0,0,1
10072,0,False,False,0,0,1
10073,0,False,False,0,1,1
10074,0,False,False,0,1,1
10075,0,False,False,0,1,1
10076,0,False,False,0,0,1
10077,0,False,False,0,1,1
10078,0,False,False,0,0,1
10079,0,False,False,0,0,1
10080,0,False,False,0,1,1
10081,0,False,False,0,1,1
10082,0,False,False,0,1,1
10083,0,False,False,0,0,1
10084,0,False,False,0,1,1
10085,0,False,False,0,0,1
10086,0,False,False,0,0,1
10087,0,False,False,0,0,1
10088,0,False,False,0,1,1
10089,0,False,False,0,1,1
10090,0,False,False,0,1,1
10091,0,False,False,0,1,1
10092,0,False,False,0,1,1
10093,0,False,False,0,0,1
10094,0,False,False,0,1,1
10095,0,False,False,0,0,1
10096,0,False,False,0,0,1
10097,0,False,False,0,0,1
10098,0,False,False,0,1,1
10099,0,False,False,0,1,1
10100,0,False,False,0,0,1
10101,0,False,False,0,0,1
10102,0,False,False,0,0,1
10103,0,False,False,0,0,1
10104,0,False,False,0,0,1
10105,0,False,False,0,0,1
10106,0,False,False,0,0,1
10107,0,False,False,0,0,1
10108,0,False,False,0,1,1
10109,0,False,False,0,1,1
10110,0,False,False,0,1,1
10111,0,False,False,0,0,1
10112,0,False,False,0,0,1
10113,0,False,False,0,0,1
10114,0,False,False,0,0,1
10115,0,False,False,0,0,1
10116,0,False,False,0,0,1
10117,0,False,False,0,1,1
10118,0,False,False,0,0,1
10119,0,False,False,0,0,1
10120,0,False,False,0,0,1
10121,0,False,False,0,0,1
10122,0,False,False,0,1,1
10123,0,False,False,0,0,1
10124,0,False,False,0,1,1
10125,0,False,False,0,1,1
10126,0,False,False,0,0,1
10127,0,False,False,0,1,1
10128,0,False,False,0,1,1
10129,0,False,False,0,1,1
10130,0,False,False,0,1,1
10131,0,False,False,0,0,1
10132,0,False,False,0,0,1
10133,0,False,False,0,0,1
10134,0,False,False,0,0,1
10135,0,False,False,0,1,1
10136,0,False,False,0,0,1
10137,0,False,False,0,1,1
10138,0,False,False,0,1,1
10139,0,False,False,0,0,1
10140,0,False,False,0,0,1
10141,0,False,False,0,0,1
10142,0,False,False,0,1,1
10143,0,False,False,0,0,1
10144,0,False,False,0,1,1
10145,0,False,False,0,1,1
10146,0,False,False,0,0,1
10147,0,False,False,0,1,1
10148,0,False,False,0,0,1
10149,0,False,False,0,1,1
10150,0,False,False,0,0,1
10151,0,False,False,0,1,1
10152,0,False,False,0,1,1
10153,0,False,False,0,0,1
10154,0,False,False,0,0,1
10155,0,False,False,0,0,1
10156,0,False,False,0,0,1
10157,0,False,False,0,0,1
10158,0,False,False,0,0,1
10159,0,False,False,0,0,1
10160,0,False,False,0,1,1
10161,0,False,False,0,0,1
10162,0,False,False,0,0,1
10163,0,False,False,0,1,1
10164,0,False,False,0,1,1
10165,0,False,False,0,0,1
10166,0,False,False,0,0,1
10167,0,False,False,0,0,1
10168,0,False,False,0,1,1
10169,0,False,False,0,0,1
10170,0,False,False,0,1,1
10171,0,False,False,0,0,1
10172,0,False,False,0,1,1
10173,0,False,False,0,0,1
10174,0,False,False,0,0,1
10175,0,False,False,0,1,1
10176,0,False,False,0,0,1
10177,0,False,False,0,1,1
10178,0,False,False,0,0,1
10179,0,False,False,0,0,1
10180,0,False,False,0,0,1
10181,0,False,False,0,0,1
10182,0,False,False,0,1,1
10183,0,False,False,0,0,1
10184,0,False,False,0,1,1
10185,0,False,False,0,0,1
10186,0,False,False,0,0,1
10187,0,False,False,0,1,1
10188,0,False,False,0,1,1
10189,0,False,False,0,0,1
10190,0,False,False,0,0,1
10191,0,False,False,0,1,1
10192,0,False,False,0,0,1
10193,0,False,False,0,1,1
10194,0,False,False,0,0,1
10195,0,False,False,0,0,1
10196,0,False,False,0,0,1
10197,0,False,False,0,0,1
10198,0,False,False,0,1,1
10199,0,False,False,0,0,1
10200,0,False,False,0,0,1
10201,0,False,False,0,1,1
10202,0,False,False,0,1,1
10203,0,False,False,0,1,1
10204,0,False,False,0,0,1
10205,0,False,False,0,1,1
10206,0,False,False,0,0,1
10207,0,False,False,0,1,1
10208,0,False,False,0,0,1
10209,0,False,False,0,0,1
10210,0,False,False,0,1,1
10211,0,False,False,0,0,1
10212,0,False,False,0,1,1
10213,0,False,False,0,0,1
10214,0,False,False,0,0,1
10215,0,False,False,0,0,1
10216,0,False,False,0,0,1
10217,0,False,False,0,1,1
10218,0,False,False,0,1,1
10219,0,False,False,0,1,1
10220,0,False,False,0,0,1
10221,0,False,False,0,0,1
10222,0,False,False,0,1,1
10223,0,False,False,0,0,1
10224,0,False,False,0,0,1
10225,0,False,False,0,0,1
10226,0,False,False,0,0,1
10227,0,False,False,0,0,1
10228,0,False,False,0,1,1
10229,0,False,False,0,0,1
10230,0,False,False,0,1,1
10231,0,False,False,0,1,1
10232,0,False,False,0,0,1
10233,0,False,False,0,0,1
10234,0,False,False,0,1,1
10235,0,False,False,0,1,1
10236,0,False,False,0,1,1
10237,0,False,False,0,0,1
10238,0,False,False,0,1,1
10239,0,False,False,0,0,1
10240,0,False,False,0,1,1
10241,0,False,False,0,1,1
10242,0,False,False,0,0,1
10243,0,False,False,0,0,1
10244,0,False,False,0,1,1
10245,0,False,False,0,0,1
10246,0,False,False,0,1,1
10247,0,False,False,0,0,1
10248,0,False,False,0,0,1
10249,0,False,False,0,1,1
10250,0,False,False,0,1,1
10251,0,False,False,0,0,1
10252,0,False,False,0,0,1
10253,0,False,False,0,0,1
10254,0,False,False,0,1,1
10255,0,False,False,0,0,1
10256,0,False,False,0,0,1
10257,0,False,False,0,1,1
10258,0,False,False,0,1,1
10259,0,False,False,0,0,1
10260,0,False,False,0,0,1
10261,0,False,False,0,1,1
10262,0,False,False,0,0,1
10263,0,False,False,0,1,1
10264,0,False,False,0,1,1
10265,0,False,False,0,0,1
10266,0,False,False,0,1,1
10267,0,False,False,0,0,1
10268,0,False,False,0,0,1
10269,0,False,False,0,0,1
10270,0,False,False,0,1,1
10271,0,False,False,0,0,1
10272,0,False,False,0,1,1
10273,0,False,False,0,0,1
10274,0,False,False,0,1,1
10275,0,False,False,0,1,1
10276,0,False,False,0,0,1
10277,0,False,False,0,1,1
10278,0,False,False,0,1,1
10279,0,False,False,0,1,1
10280,0,False,False,0,0,1
10281,0,False,False,0,1,1
10282,0,False,False,0,0,1
10283,0,False,False,0,1,1
10284,0,False,False,0,0,1
10285,0,False,False,0,0,1
10286,0,False,False,0,0,1
10287,0,False,False,0,1,1
10288,0,False,False,0,0,1
10289,0,False,False,0,0,1
10290,0,False,False,0,0,1
10291,0,False,False,0,0,1
10292,0,False,False,0,0,1
10293,0,False,False,0,0,1
10294,0,False,False,0,1,1
10295,0,False,False,0,1,1
10296,0,False,False,0,0,1
10297,0,False,False,0,1,1
10298,0,False,False,0,0,1
10299,0,False,False,0,1,1
10300,0,False,False,0,1,1
10301,0,False,False,0,0,1
10302,0,False,False,0,0,1
10303,0,False,False,0,1,1
10304,0,False,False,0,0,1
10305,0,False,False,0,0,1
10306,0,False,False,0,0,1
10307,0,False,False,0,0,1
10308,0,False,False,0,1,1
10309,0,False,False,0,1,1
10310,0,False,False,0,0,1
10311,0,False,False,0,1,1
10312,0,False,False,0,0,1
10313,0,False,False,0,1,1
10314,0,False,False,0,0,1
10315,0,False,False,0,1,1
10316,0,False,False,0,1,1
10317,0,False,False,0,0,1
10318,0,False,False,0,0,1
10319,0,False,False,0,0,1
10320,0,False,False,0,1,1
10321,0,False,False,0,0,1
10322,0,False,False,0,1,1
10323,0,False,False,0,0,1
10324,0,False,False,0,0,1
10325,0,False,False,0,1,1
10326,0,False,False,0,1,1
10327,0,False,False,0,0,1
10328,0,False,False,0,0,1
10329,0,False,False,0,1,1
10330,0,False,False,0,1,1
10331,0,False,False,0,0,1
10332,0,False,False,0,0,1
10333,0,False,False,0,0,1
10334,0,False,False,0,1,1
10335,0,False,False,0,1,1
10336,0,False,False,0,0,1
10337,0,False,False,0,0,1
10338,0,False,False,0,1,1
10339,0,False,False,0,1,1
10340,0,False,False,0,1,1
10341,0,False,False,0,0,1
10342,0,False,False,0,0,1
10343,0,False,False,0,0,1
10344,0,False,False,0,0,1
10345,0,False,False,0,1,1
10346,0,False,False,0,1,1
10347,0,False,False,0,0,1
10348,0,False,False,0,0,1
10349,0,False,False,0,0,1
10350,0,False,False,0,1,1
10351,0,False,False,0,0,1
10352,0,False,False,0,0,1
10353,0,False,False,0,0,1
10354,0,False,False,0,0,1
10355,0,False,False,0,0,1
10356,0,False,False,0,1,1
10357,0,False,False,0,1,1
10358,0,False,False,0,1,1
10359,0,False,False,0,1,1
10360,0,False,False,0,0,1
10361,0,False,False,0,1,1
10362,0,False,False,0,0,1
10363,0,False,False,0,0,1
10364,0,False,False,0,0,1
10365,0,False,False,0,0,1
10366,0,False,False,0,0,1
10367,0,False,False,0,1,1
10368,0,False,False,0,0,1
10369,0,False,False,0,1,1
10370,0,False,False,0,0,1
10371,0,False,False,0,0,1
10372,0,False,False,0,1,1
10373,0,False,False,0,1,1
10374,0,False,False,0,1,1
10375,0,False,False,0,1,1
10376,0,False,False,0,1,1
10377,0,False,False,0,0,1
10378,0,False,False,0,0,1
10379,0,False,False,0,1,1
10380,0,False,False,0,1,1
10381,0,False,False,0,1,1
10382,0,False,False,0,1,1
10383,0,False,False,0,1,1
10384,0,False,False,0,0,1
10385,0,False,False,0,1,1
10386,0,False,False,0,0,1
10387,0,False,False,0,0,1
10388,0,False,False,0,0,1
10389,0,False,False,0,1,1
10390,0,False,False,0,0,1
10391,0,False,False,0,0,1
10392,0,False,False,0,1,1
10393,0,False,False,0,1,1
10394,0,False,False,0,1,1
10395,0,False,False,0,0,1
10396,0,False,False,0,0,1
10397,0,False,False,0,1,1
10398,0,False,False,0,1,1
10399,0,False,False,0,0,1
10400,0,False,False,0,0,1
10401,0,False,False,0,1,1
10402,0,False,False,0,1,1
10403,0,False,False,0,0,1
10404,0,False,False,0,0,1
10405,0,False,False,0,1,1
10406,0,False,False,0,1,1
10407,0,False,False,0,0,1
10408,0,False,False,0,0,1
10409,0,False,False,0,1,1
10410,0,False,False,0,0,1
10411,0,False,False,0,0,1
10412,0,False,False,0,0,1
10413,0,False,False,0,1,1
10414,0,False,False,0,0,1
10415,0,False,False,0,1,1
10416,0,False,False,0,1,1
10417,0,False,False,0,0,1
10418,0,False,False,0,1,1
10419,0,False,False,0,0,1
10420,0,False,False,0,1,1
10421,0,False,False,0,0,1
10422,0,False,False,0,1,1
10423,0,False,False,0,1,1
10424,0,False,False,0,1,1
10425,0,False,False,0,0,1
10426,0,False,False,0,0,1
10427,0,False,False,0,1,1
10428,0,False,False,0,1,1
10429,0,False,False,0,0,1
10430,0,False,False,0,0,1
10431,0,False,False,0,0,1
10432,0,False,False,0,1,1
10433,0,False,False,0,0,1
10434,0,False,False,0,1,1
10435,0,False,False,0,1,1
10436,0,False,False,0,0,1
10437,0,False,False,0,0,1
10438,0,False,False,0,0,1
10439,0,False,False,0,0,1
10440,0,False,False,0,1,1
10441,0,False,False,0,1,1
10442,0,False,False,0,1,1
10443,0,False,False,0,1,1
10444,0,False,False,0,1,1
10445,0,False,False,0,0,1
10446,0,False,False,0,1,1
10447,0,False,False,0,0,1
10448,0,False,False,0,0,1
10449,0,False,False,0,1,1
10450,0,False,False,0,1,1
10451,0,False,False,0,1,1
10452,0,False,False,0,0,1
10453,0,False,False,0,0,1
10454,0,False,False,0,1,1
10455,0,False,False,0,0,1
10456,0,False,False,0,0,1
10457,0,False,False,0,1,1
10458,0,False,False,0,0,1
10459,0,False,False,0,0,1
10460,0,False,False,0,1,1
10461,0,False,False,0,0,1
10462,0,False,False,0,1,1
10463,0,False,False,0,0,1
10464,0,False,False,0,0,1
10465,0,False,False,0,0,1
10466,0,False,False,0,1,1
10467,0,False,False,0,1,1
10468,0,False,False,0,1,1
10469,0,False,False,0,0,1
10470,0,False,False,0,1,1
10471,0,False,False,0,1,1
10472,0,False,False,0,0,1
10473,0,False,False,0,0,1
10474,0,False,False,0,0,1
10475,0,False,False,0,1,1
10476,0,False,False,0,1,1
10477,0,False,False,0,1,1
10478,0,False,False,0,1,1
10479,0,False,False,0,1,1
10480,0,False,False,0,1,1
10481,0,False,False,0,0,1
10482,0,False,False,0,1,1
10483,0,False,False,0,1,1
10484,0,False,False,0,1,1
10485,0,False,False,0,0,1
10486,0,False,False,0,1,1
10487,0,False,False,0,1,1
10488,0,False,False,0,1,1
10489,0,False,False,0,1,1
10490,0,False,False,0,0,1
10491,0,False,False,0,0,1
10492,0,False,False,0,0,1
10493,0,False,False,0,0,1
10494,0,False,False,0,1,1
10495,0,False,False,0,1,1
10496,0,False,False,0,1,1
10497,0,False,False,0,0,1
10498,0,False,False,0,0,1
10499,0,False,False,0,1,1
10500,0,False,False,0,0,1
10501,0,False,False,0,1,1
10502,0,False,False,0,1,1
10503,0,False,False,0,1,1
10504,0,False,False,0,1,1
10505,0,False,False,0,1,1
10506,0,False,False,0,0,1
10507,0,False,False,0,1,1
10508,0,False,False,0,1,1
10509,0,False,False,0,1,1
10510,0,False,False,0,0,1
10511,0,False,False,0,1,1
10512,0,False,False,0,0,1
10513,0,False,False,0,0,1
10514,0,False,False,0,1,1
10515,0,False,False,0,1,1
10516,0,False,False,0,1,1
10517,0,False,False,0,1,1
10518,0,False,False,0,1,1
10519,0,False,False,0,0,1
10520,0,False,False,0,1,1
10521,0,False,False,0,0,1
10522,0,False,False,0,0,1
10523,0,False,False,0,1,1
10524,0,False,False,0,0,1
10525,0,False,False,0,0,1
10526,0,False,False,0,0,1
10527,0,False,False,0,1,1
10528,0,False,False,0,1,1
10529,0,False,False,0,0,1
10530,0,False,False,0,0,1
10531,0,False,False,0,0,1
10532,0,False,False,0,1,1
10533,0,False,False,0,1,1
10534,0,False,False,0,1,1
10535,0,False,False,0,0,1
10536,0,False,False,0,1,1
10537,0,False,False,0,0,1
10538,0,False,False,0,0,1
10539,0,False,False,0,0,1
10540,0,False,False,0,0,1
10541,0,False,False,0,0,1
10542,0,False,False,0,1,1
10543,0,False,False,0,1,1
10544,0,False,False,0,0,1
10545,0,False,False,0,0,1
10546,0,False,False,0,0,1
10547,0,False,False,0,1,1
10548,0,False,False,0,1,1
10549,0,False,False,0,1,1
10550,0,False,False,0,0,1
10551,0,False,False,0,1,1
10552,0,False,False,0,1,1
10553,0,False,False,0,0,1
10554,0,False,False,0,0,1
10555,0,False,False,0,1,1
10556,0,False,False,0,0,1
10557,0,False,False,0,0,1
10558,0,False,False,0,1,1
10559,0,False,False,0,0,1
10560,0,False,False,0,0,1
10561,0,False,False,0,0,1
10562,0,False,False,0,0,1
10563,0,False,False,0,0,1
10564,0,False,False,0,0,1
10565,0,False,False,0,0,1
10566,0,False,False,0,1,1
10567,0,False,False,0,1,1
10568,0,False,False,0,0,1
10569,0,False,False,0,1,1
10570,0,False,False,0,0,1
10571,0,False,False,0,0,1
10572,0,False,False,0,0,1
10573,0,False,False,0,1,1
10574,0,False,False,0,0,1
10575,0,False,False,0,1,1
10576,0,False,False,0,0,1
10577,0,False,False,0,1,1
10578,0,False,False,0,0,1
10579,0,False,False,0,1,1
10580,0,False,False,0,0,1
10581,0,False,False,0,1,1
10582,0,False,False,0,0,1
10583,0,False,False,0,1,1
10584,0,False,False,0,0,1
10585,0,False,False,0,1,1
10586,0,False,False,0,1,1
10587,0,False,False,0,1,1
10588,0,False,False,0,1,1
10589,0,False,False,0,1,1
10590,0,False,False,0,0,1
10591,0,False,False,0,0,1
10592,0,False,False,0,0,1
10593,0,False,False,0,1,1
10594,0,False,False,0,1,1
10595,0,False,False,0,1,1
10596,0,False,False,0,1,1
10597,0,False,False,0,0,1
10598,0,True,False,0,1,Player
10599,0,True,False,0,1,Player
10600,0,True,False,0,1,Player
10601,0,True,False,0,1,Player
10602,0,True,False,0,1,Player
10603,0,True,False,0,1,Player
10604,0,True,False,0,1,Player
10605,0,True,False,0,1,Player
10606,0,True,False,0,1,Player
10607,0,True,False,0,1,Player
10608,0,True,False,0,1,Player
10609,0,True,False,0,1,Player
10610,0,True,False,0,1,Player
10611,0,True,False,0,1,Player
10612,0,True,False,0,1,Player
10613,0,True,False,0,1,Player
10614,0,True,False,0,1,Player
10615,0,True,False,0,1,Player
10616,0,True,False,0,1,Player
10617,0,True,False,0,1,Player
10618,0,True,False,0,1,Player
10619,0,True,False,0,1,Player
10620,0,True,False,0,1,Player
10621,0,True,False,0,1,Player
10622,0,True,False,0,1,Player
10623,0,True,False,0,1,Player
10624,0,True,False,0,1,Player
10625,0,True,False,0,1,Player
10626,0,True,False,0,1,Player
10627,0,True,False,0,0,Player
10628,0,True,False,0,1,AI_Random1
10629,0,True,False,0,1,AI_Random1
10630,0,True,False,0,1,AI_Random1
10631,0,True,False,0,1,AI_Random1
10632,0,True,False,0,1,AI_Random1
10633,0,True,False,0,1,AI_Random1
10634,0,True,False,0,1,AI_Random1
10635,0,True,False,0,1,AI_Random1
10636,0,True,False,0,1,AI_Random1
10637,0,True,False,0,1,AI_Random1
10638,0,True,False,0,1,AI_Random1
10639,0,True,False,0,1,AI_Random1
10640,0,True,False,0,1,AI_Random1
10641,0,True,False,0,1,AI_Random1
10642,0,True,False,0,1,AI_Random1
10643,0,True,False,0,1,AI_Random1
10644,0,True,False,0,1,AI_Random1
10645,0,True,False,0,1,AI_Random1
10646,0,True,False,0,1,AI_Random1
10647,0,True,False,0,1,AI_Random1
10648,0,True,False,0,1,AI_Random1
10649,0,True,False,0,1,AI_Random1
10650,0,True,False,0,1,AI_Random1
10651,0,True,False,0,1,AI_Random1
10652,0,True,False,0,1,AI_Random1
10653,0,True,False,0,1,AI_Random1
10654,0,True,False,0,1,AI_Random1
10655,0,True,False,0,1,AI_Random1
10656,0,True,False,0,1,AI_Random1
10657,0,True,False,0,1,AI_Random1
10658,0,True,False,0,1,AI_Random1
10659,0,True,False,0,1,AI_Random1
10660,0,True,False,0,1,AI_Random1
10661,0,True,False,0,1,AI_Random1
10662,0,True,False,0,1,AI_Random1
10663,0,True,False,0,1,AI_Random1
10664,0,True,False,0,1,AI_Random1
10665,0,True,False,0,1,AI_Random1
10666,0,True,False,0,1,AI_Random1
10667,0,True,False,0,1,AI_Random1
10668,0,True,False,0,1,AI_Random1
10669,0,True,False,0,1,AI_Random1
10670,0,True,False,0,1,AI_Random1
10671,0,True,False,0,1,AI_Random1
10672,0,True,False,0,1,AI_Random1
10673,0,True,False,0,1,AI_Random1
10674,0,True,False,0,1,AI_Random1
10675,0,True,False,0,1,AI_Random1
10676,0,True,False,0,1,AI_Random1
10677,0,True,False,0,1,AI_Random1
10678,0,True,False,0,1,AI_Random1
10679,0,True,False,0,1,AI_Random1
10680,0,True,False,0,1,AI_Random1
10681,0,True,False,0,1,AI_Random1
10682,0,True,False,0,1,AI_Random1
10683,0,True,False,0,1,AI_Random1
10684,0,True,False,0,1,AI_Random1
10685,0,True,False,0,1,AI_Random1
10686,0,True,False,0,1,AI_Random1
10687,0,True,False,0,1,AI_Random1
10688,0,True,False,0,1,AI_Random1
10689,0,True,False,0,1,AI_Random1
10690,0,True,False,0,1,AI_Random1
10691,0,True,False,0,1,AI_Random1
10692,0,True,False,0,1,AI_Random1
10693,0,True,False,0,1,AI_Random1
10694,0,True,False,0,1,AI_Random1
10695,0,True,False,0,1,AI_Random1
10696,0,True,False,0,1,AI_Random1
10697,0,True,False,0,1,AI_Random1
10698,0,True,False,0,1,AI_Random1
10699,0,True,False,0,1,AI_Random1
10700,0,True,False,0,1,AI_Random1
10701,0,True,False,0,1,AI_Random1
10702,0,True,False,0,1,AI_Random1
10703,0,True,False,0,1,AI_Random1
10704,0,True,False,0,1,AI_Random1
10705,0,True,False,0,1,AI_Random1
10706,0,True,False,0,1,AI_Random1
10707,0,True,False,0,1,AI_Random1
10708,0,True,False,0,1,AI_Random1
10709,0,True,False,0,1,AI_Random1
10710,0,True,False,0,1,AI_Random1
10711,0,True,False,0,1,AI_Random1
10712,0,True,False,0,1,AI_Random1
10713,0,True,False,0,1,AI_Random1
10714,0,True,False,0,1,AI_Random1
10715,0,True,False,0,1,AI_Random1
10716,0,True,False,0,1,AI_Random1
10717,0,True,False,0,1,AI_Random1
10718,0,True,False,0,1,AI_Random1
10719,0,True,False,0,1,AI_Random1
10720,0,True,False,0,1,AI_Random1
10721,0,True,False,0,1,AI_Random1
10722,0,True,False,0,1,AI_Random1
10723,0,True,False,0,1,AI_Random1
10724,0,True,False,0,1,AI_Random1
10725,0,True,False,0,1,AI_Random1
10726,0,True,False,0,1,AI_Random1
10727,0,True,False,0,1,AI_Random1
10728,0,True,False,0,1,AI_Random1
10729,0,True,False,0,1,AI_Random1
10730,0,True,False,0,1,AI_Random1
10731,0,True,False,0,1,AI_Random1
10732,0,True,False,0,1,AI_Random1
10733,0,True,False,0,1,AI_Random1
10734,0,True,False,0,1,AI_Random1
10735,0,True,False,0,1,AI_Random1
10736,0,True,False,0,1,AI_Random1
10737,0,True,False,0,1,AI_Random1
10738,0,True,False,0,1,AI_Random1
10739,0,True,False,0,1,AI_Random1
10740,0,True,False,0,1,AI_Random1
10741,0,True,False,0,1,AI_Random1
10742,0,True,False,0,1,AI_Random1
10743,0,True,False,0,1,AI_Random1
10744,0,True,False,0,1,AI_Random1
10745,0,True,False,0,1,AI_Random1
10746,0,True,False,0,1,AI_Random1
10747,0,True,False,0,1,AI_Random1
10748,0,True,False,0,1,AI_Random1
10749,0,True,False,0,1,AI_Random1
10750,0,True,False,0,1,AI_Random1
10751,0,True,False,0,1,AI_Random1
10752,0,True,False,0,1,AI_Random1
10753,0,True,False,0,1,AI_Random1
10754,0,True,False,0,1,AI_Random1
10755,0,True,False,0,1,AI_Random1
10756,0,True,False,0,1,AI_Random1
10757,0,True,False,0,1,AI_Random1
10758,0,True,False,0,1,AI_Random1
10759,0,True,False,0,1,AI_Random1
10760,0,True,False,0,1,AI_Random1
10761,0,True,False,0,1,AI_Random1
10762,0,True,False,0,1,AI_Random1
10763,0,True,False,0,1,AI_Random1
10764,0,True,False,0,1,AI_Random1
10765,0,True,False,0,1,AI_Random1
10766,0,True,False,0,1,AI_Random1
10767,0,True,False,0,1,AI_Random1
10768,0,True,False,0,1,AI_Random1
10769,0,True,False,0,1,AI_Random1
10770,0,True,False,0,1,AI_Random1
10771,0,True,False,0,1,AI_Random1
10772,0,True,False,0,1,AI_Random1
10773,0,True,False,0,1,AI_Random1
10774,0,True,False,0,1,AI_Random1
10775,0,True,False,0,1,AI_Random1
10776,0,True,False,0,1,AI_Random1
10777,0,True,False,0,1,AI_Random1
10778,0,True,False,0,1,AI_Random1
10779,0,True,False,0,1,AI_Random1
10780,0,True,False,0,1,AI_Random1
10781,0,True,False,0,1,AI_Random1
10782,0,True,False,0,1,AI_Random1
10783,0,True,False,0,1,AI_Random1
10784,0,True,False,0,1,AI_Random1
10785,0,True,False,0,1,AI_Random1
10786,0,True,False,0,1,AI_Random1
10787,0,True,False,0,1,AI_Random1
10788,0,True,False,0,1,AI_Random1
10789,0,True,False,0,1,AI_Random1
10790,0,True,False,0,1,AI_Random1
10791,0,True,False,0,1,AI_Random1
10792,0,True,False,0,1,AI_Random1
10793,0,True,False,0,1,AI_Random1
10794,0,True,False,0,1,AI_Random1
10795,0,True,False,0,1,AI_Random1
10796,0,True,False,0,1,AI_Random1
10797,0,True,False,0,1,AI_Random1
10798,0,True,False,0,1,AI_Random1
10799,0,True,False,0,1,AI_Random1
10800,0,True,False,0,1,AI_Random1
10801,0,True,False,0,1,AI_Random1
10802,0,True,False,0,1,AI_Random1
10803,0,True,False,0,1,AI_Random1
10804,0,True,False,0,1,AI_Random1
10805,0,True,False,0,1,AI_Random1
10806,0,True,False,0,1,AI_Random1
10807,0,True,False,0,1,AI_Random1
10808,0,True,False,0,1,AI_Random1
10809,0,True,False,0,1,AI_Random1
10810,0,True,False,0,1,AI_Random1
10811,0,True,False,0,1,AI_Random1
10812,0,True,False,0,1,AI_Random1
10813,0,True,False,0,1,AI_Random1
10814,0,True,False,0,1,AI_Random1
10815,0,True,False,0,1,AI_Random1
10816,0,True,False,0,1,AI_Random1
10817,0,True,False,0,1,AI_Random1
10818,0,True,False,0,1,AI_Random1
10819,0,True,False,0,1,AI_Random1
10820,0,True,False,0,1,AI_Random1
10821,0,True,False,0,1,AI_Random1
10822,0,True,False,0,1,AI_Random1
10823,0,True,False,0,1,AI_Random1
10824,0,True,False,0,1,AI_Random1
10825,0,True,False,0,1,AI_Random1
10826,0,True,False,0,1,AI_Random1
10827,0,True,False,0,1,AI_Random1
10828,0,True,False,0,1,AI_Random1
10829,0,True,False,0,1,AI_Random1
10830,0,True,False,0,1,AI_Random1
10831,0,True,False,0,1,AI_Random1
10832,0,True,False,0,1,AI_Random1
10833,0,True,False,0,1,AI_Random1
10834,0,True,False,0,1,AI_Random1
10835,0,True,False,0,1,AI_Random1
10836,0,True,False,0,1,AI_Random1
10837,0,True,False,0,1,AI_Random1
10838,0,True,False,0,1,AI_Random1
10839,0,True,False,0,1,AI_Random1
10840,0,True,False,0,1,AI_Random1
10841,0,True,False,0,1,AI_Random1
10842,0,True,False,0,1,AI_Random1
10843,0,True,False,0,1,AI_Random1
10844,0,True,False,0,1,AI_Random1
10845,0,True,False,0,1,AI_Random1
10846,0,True,False,0,1,AI_Random1
10847,0,True,False,0,1,AI_Random1
10848,0,True,False,0,1,AI_Random1
10849,0,True,False,0,1,AI_Random1
10850,0,True,False,0,1,AI_Random1
10851,0,True,False,0,1,AI_Random1
10852,0,True,False,0,1,AI_Random1
10853,0,True,False,0,1,AI_Random1
10854,0,True,False,0,1,AI_Random1
10855,0,True,False,0,1,AI_Random1
10856,0,True,False,0,1,AI_Random1
10857,0,True,False,0,1,AI_Random1
10858,0,True,False,0,1,AI_Random1
10859,0,True,False,0,1,AI_Random1
10860,0,True,False,0,1,AI_Random1
10861,0,True,False,0,1,AI_Random1
10862,0,True,False,0,1,AI_Random1
10863,0,True,False,0,1,AI_Random1
10864,0,True,False,0,1,AI_Random1
10865,0,True,False,0,1,AI_Random1
10866,0,True,False,0,1,AI_Random1
10867,0,True,False,0,1,AI_Random1
10868,0,True,False,0,1,AI_Random1
10869,0,True,False,0,1,AI_Random1
10870,0,True,False,0,1,AI_Random1
10871,0,True,False,0,1,AI_Random1
10872,0,True,False,0,1,AI_Random1
10873,0,True,False,0,1,AI_Random1
10874,0,True,False,0,1,AI_Random1
10875,0,True,False,0,1,AI_Random1
10876,0,True,False,0,1,AI_Random1
10877,0,True,False,0,1,AI_Random1
10878,0,True,False,0,1,AI_Random1
10879,0,True,False,0,1,AI_Random1
10880,0,True,False,0,1,AI_Random1
10881,0,True,False,0,1,AI_Random1
10882,0,True,False,0,1,AI_Random1
10883,0,True,False,0,1,AI_Random1
10884,0,True,False,0,1,AI_Random1
10885,0,True,False,0,1,AI_Random1
10886,0,True,False,0,1,AI_Random1
10887,0,True,False,0,1,AI_Random1
10888,0,True,False,0,1,AI_Random1
10889,0,True,False,0,1,AI_Random1
10890,0,True,False,0,1,AI_Random1
10891,0,True,False,0,1,AI_Random1
10892,0,True,False,0,1,AI_Random1
10893,0,True,False,0,1,AI_Random1
10894,0,True,False,0,1,AI_Random1
10895,0,True,False,0,1,AI_Random1
10896,0,True,False,0,1,AI_Random1
10897,0,True,False,0,1,AI_Random1
10898,0,True,False,0,1,AI_Random1
10899,0,True,False,0,1,AI_Random1
10900,0,True,False,0,1,AI_Random1
10901,0,True,False,0,1,AI_Random1
10902,0,True,False,0,1,AI_Random1
10903,0,True,False,0,1,AI_Random1
10904,0,True,False,0,1,AI_Random1
10905,0,True,False,0,1,AI_Random1
10906,0,True,False,0,1,AI_Random1
10907,0,True,False,0,1,AI_Random1
10908,0,True,False,0,1,AI_Random1
10909,0,True,False,0,1,AI_Random1
10910,0,True,False,0,1,AI_Random1
10911,0,True,False,0,1,AI_Random1
10912,0,True,False,0,1,AI_Random1
10913,0,True,False,0,1,AI_Random1
10914,0,True,False,0,1,AI_Random1
10915,0,True,False,0,1,AI_Random1
10916,0,True,False,0,1,AI_Random1
10917,0,True,False,0,1,AI_Random1
10918,0,True,False,0,1,AI_Random1
10919,0,True,False,0,1,AI_Random1
10920,0,True,False,0,1,AI_Random1
10921,0,True,False,0,1,AI_Random1
10922,0,True,False,0,1,AI_Random1
10923,0,True,False,0,1,AI_Random1
10924,0,True,False,0,1,AI_Random1
10925,0,True,False,0,1,AI_Random1
10926,0,True,False,0,1,AI_Random1
10927,0,True,False,0,1,AI_Random1
10928,0,True,False,0,1,AI_Random1
10929,0,True,False,0,1,AI_Random1
10930,0,True,False,0,1,AI_Random1
10931,0,True,False,0,1,AI_Random1
10932,0,True,False,0,1,AI_Random1
10933,0,True,False,0,1,AI_Random1
10934,0,True,False,0,1,AI_Random1
10935,0,True,False,0,1,AI_Random1
10936,0,True,False,0,1,AI_Random1
10937,0,True,False,0,1,AI_Random1
10938,0,True,False,0,1,AI_Random1
10939,0,True,False,0,1,AI_Random1
10940,0,True,False,0,1,AI_Random1
10941,0,True,False,0,1,AI_Random1
10942,0,True,False,0,1,AI_Random1
10943,0,True,False,0,1,AI_Random1
10944,0,True,False,0,1,AI_Random1
10945,0,True,False,0,1,AI_Random1
10946,0,True,False,0,1,AI_Random1
10947,0,True,False,0,1,AI_Random1
10948,0,True,False,0,1,AI_Random1
10949,0,True,False,0,1,AI_Random1
10950,0,True,False,0,1,AI_Random1
10951,0,True,False,0,1,AI_Random1
10952,0,True,False,0,1,AI_Random1
10953,0,True,False,0,1,AI_Random1
10954,0,True,False,0,1,AI_Random1
10955,0,True,False,0,1,AI_Random1
10956,0,True,False,0,1,AI_Random1
10957,0,True,False,0,1,AI_Random1
10958,0,True,False,0,1,AI_Random1
10959,0,True,False,0,1,AI_Random1
10960,0,True,False,0,1,AI_Random1
10961,0,True,False,0,1,AI_Random1
10962,0,True,False,0,1,AI_Random1
10963,0,True,False,0,1,AI_Random1
10964,0,True,False,0,1,AI_Random1
10965,0,True,False,0,1,AI_Random1
10966,0,True,False,0,1,AI_Random1
10967,0,True,False,0,1,AI_Random1
10968,0,True,False,0,1,AI_Random1
10969,0,True,False,0,1,AI_Random1
10970,0,True,False,0,1,AI_Random1
10971,0,True,False,0,1,AI_Random1
10972,0,True,False,0,1,AI_Random1
10973,0,True,False,0,1,AI_Random1
10974,0,True,False,0,1,AI_Random1
10975,0,True,False,0,1,AI_Random1
10976,0,True,False,0,1,AI_Random1
10977,0,True,False,0,1,AI_Random1
10978,0,True,False,0,1,AI_Random1
10979,0,True,False,0,1,AI_Random1
10980,0,True,False,0,1,AI_Random1
10981,0,True,False,0,1,AI_Random1
10982,0,True,False,0,1,AI_Random1
10983,0,True,False,0,1,AI_Random1
10984,0,True,False,0,1,AI_Random1
10985,0,True,False,0,1,AI_Random1
10986,0,True,False,0,1,AI_Random1
10987,0,True,False,0,1,AI_Random1
10988,0,True,False,0,1,AI_Random1
10989,0,True,False,0,1,AI_Random1
10990,0,True,False,0,1,AI_Random1
10991,0,True,False,0,1,AI_Random1
10992,0,True,False,0,1,AI_Random1
10993,0,True,False,0,1,AI_Random1
10994,0,True,False,0,1,AI_Random1
10995,0,True,False,0,1,AI_Random1
10996,0,True,False,0,1,AI_Random1
10997,0,True,False,0,1,AI_Random1
10998,0,True,False,0,1,AI_Random1
10999,0,True,False,0,1,AI_Random1
11000,0,True,False,0,1,AI_Random1
11001,0,True,False,0,1,AI_Random1
11002,0,True,False,0,1,AI_Random1
11003,0,True,False,0,1,AI_Random1
11004,0,True,False,0,1,AI_Random1
11005,0,True,False,0,1,AI_Random1
11006,0,True,False,0,1,AI_Random1
11007,0,True,False,0,1,AI_Random1
11008,0,True,False,0,1,AI_Random1
11009,0,True,False,0,1,AI_Random1
11010,0,True,False,0,1,AI_Random1
11011,0,True,False,0,1,AI_Random1
11012,0,True,False,0,1,AI_Random1
11013,0,True,False,0,1,AI_Random1
11014,0,True,False,0,1,AI_Random1
11015,0,True,False,0,1,AI_Random1
11016,0,True,False,0,1,AI_Random1
11017,0,True,False,0,1,AI_Random1
11018,0,True,False,0,1,AI_Random1
11019,0,True,False,0,1,AI_Random1
11020,0,True,False,0,1,AI_Random1
11021,0,True,False,0,1,AI_Random1
11022,0,True,False,0,1,AI_Random1
11023,0,True,False,0,1,AI_Random1
11024,0,True,False,0,1,AI_Random1
11025,0,True,False,0,1,AI_Random1
11026,0,True,False,0,1,AI_Random1
11027,0,True,False,0,1,AI_Random1
11028,0,True,False,0,1,AI_Random1
11029,0,True,False,0,1,AI_Random1
11030,0,True,False,0,1,AI_Random1
11031,0,True,False,0,1,AI_Random1
11032,0,True,False,0,1,AI_Random1
11033,0,True,False,0,1,AI_Random1
11034,0,True,False,0,1,AI_Random1
11035,0,True,False,0,1,AI_Random1
11036,0,True,False,0,1,AI_Random1
11037,0,True,False,0,1,AI_Random1
11038,0,True,False,0,1,AI_Random1
11039,0,True,False,0,1,AI_Random1
11040,0,True,False,0,1,AI_Random1
11041,0,True,False,0,1,AI_Random1
11042,0,True,False,0,1,AI_Random1
11043,0,True,False,0,1,AI_Random1
11044,0,True,False,0,1,AI_Random1
11045,0,True,False,0,1,AI_Random1
11046,0,True,False,0,1,AI_Random1
11047,0,True,False,0,1,AI_Random1
11048,0,True,False,0,1,AI_Random1
11049,0,True,False,0,1,AI_Random1
11050,0,True,False,0,1,AI_Random1
11051,0,True,False,0,1,AI_Random1
11052,0,True,False,0,1,AI_Random1
11053,0,True,False,0,1,AI_Random1
11054,0,True,False,0,1,AI_Random1
11055,0,True,False,0,1,AI_Random1
11056,0,True,False,0,1,AI_Random1
11057,0,True,False,0,1,AI_Random1
11058,0,True,False,0,1,AI_Random1
11059,0,True,False,0,1,AI_Random1
11060,0,True,False,0,1,AI_Random1
11061,0,True,False,0,1,AI_Random1
11062,0,True,False,0,1,AI_Random1
11063,0,True,False,0,1,AI_Random1
11064,0,True,False,0,1,AI_Random1
11065,0,True,False,0,1,AI_Random1
11066,0,True,False,0,1,AI_Random1
11067,0,True,False,0,1,AI_Random1
11068,0,True,False,0,1,AI_Random1
11069,0,True,False,0,1,AI_Random1
11070,0,True,False,0,1,AI_Random1
11071,0,True,False,0,1,AI_Random1
11072,0,True,False,0,1,AI_Random1
11073,0,True,False,0,1,AI_Random1
11074,0,True,False,0,1,AI_Random1
11075,0,True,False,0,1,AI_Random1
11076,0,True,False,0,1,AI_Random1
11077,0,True,False,0,1,AI_Random1
11078,0,True,False,0,1,AI_Random1
11079,0,True,False,0,1,AI_Random1
11080,0,True,False,0,1,AI_Random1
11081,0,True,False,0,1,AI_Random1
11082,0,True,False,0,1,AI_Random1
11083,0,True,False,0,1,AI_Random1
11084,0,True,False,0,1,AI_Random1
11085,0,True,False,0,1,AI_Random1
11086,0,True,False,0,1,AI_Random1
11087,0,True,False,0,1,AI_Random1
11088,0,True,False,0,1,AI_Random1
11089,0,True,False,0,1,AI_Random1
11090,0,True,False,0,1,AI_Random1
11091,0,True,False,0,1,AI_Random1
11092,0,True,False,0,1,Player
11093,0,False,False,0,0,1
11094,0,False,False,0,1,1
11095,0,False,False,0,1,1
11096,0,False,False,0,1,1
11097,0,False,False,0,0,1
11098,0,False,False,0,1,1
11099,0,False,False,0,0,1
11100,0,False,False,0,1,1
11101,0,False,False,0,0,1
11102,0,False,False,0,0,1
